[{
  "dateTime" : "10/05/18 09:04:00",
  "value" : "10"
},{
  "dateTime" : "10/05/18 09:28:00",
  "value" : "10"
},{
  "dateTime" : "10/05/18 10:56:00",
  "value" : "10"
},{
  "dateTime" : "10/05/18 18:10:00",
  "value" : "10"
},{
  "dateTime" : "10/06/18 09:34:00",
  "value" : "10"
},{
  "dateTime" : "10/06/18 09:46:00",
  "value" : "10"
},{
  "dateTime" : "10/06/18 10:37:00",
  "value" : "10"
},{
  "dateTime" : "10/06/18 10:49:00",
  "value" : "10"
},{
  "dateTime" : "10/06/18 14:27:00",
  "value" : "40"
},{
  "dateTime" : "10/06/18 14:28:00",
  "value" : "10"
},{
  "dateTime" : "10/06/18 19:26:00",
  "value" : "10"
},{
  "dateTime" : "10/06/18 19:27:00",
  "value" : "10"
},{
  "dateTime" : "10/06/18 20:08:00",
  "value" : "10"
},{
  "dateTime" : "10/06/18 20:25:00",
  "value" : "40"
},{
  "dateTime" : "10/06/18 20:26:00",
  "value" : "10"
},{
  "dateTime" : "10/06/18 21:28:00",
  "value" : "10"
},{
  "dateTime" : "10/06/18 21:43:00",
  "value" : "10"
},{
  "dateTime" : "10/07/18 12:07:00",
  "value" : "10"
},{
  "dateTime" : "10/07/18 13:05:00",
  "value" : "10"
},{
  "dateTime" : "10/07/18 13:06:00",
  "value" : "10"
},{
  "dateTime" : "10/07/18 13:29:00",
  "value" : "20"
},{
  "dateTime" : "10/07/18 16:37:00",
  "value" : "10"
},{
  "dateTime" : "10/07/18 16:39:00",
  "value" : "10"
},{
  "dateTime" : "10/07/18 18:34:00",
  "value" : "10"
},{
  "dateTime" : "10/07/18 19:15:00",
  "value" : "10"
},{
  "dateTime" : "10/07/18 19:25:00",
  "value" : "10"
},{
  "dateTime" : "10/07/18 19:29:00",
  "value" : "20"
},{
  "dateTime" : "10/07/18 19:30:00",
  "value" : "30"
},{
  "dateTime" : "10/07/18 19:37:00",
  "value" : "10"
},{
  "dateTime" : "10/07/18 22:11:00",
  "value" : "10"
},{
  "dateTime" : "10/07/18 22:17:00",
  "value" : "30"
},{
  "dateTime" : "10/07/18 22:18:00",
  "value" : "10"
},{
  "dateTime" : "10/08/18 07:34:00",
  "value" : "10"
},{
  "dateTime" : "10/08/18 07:53:00",
  "value" : "20"
},{
  "dateTime" : "10/08/18 07:54:00",
  "value" : "30"
},{
  "dateTime" : "10/08/18 07:55:00",
  "value" : "10"
},{
  "dateTime" : "10/08/18 11:30:00",
  "value" : "10"
},{
  "dateTime" : "10/08/18 11:43:00",
  "value" : "10"
},{
  "dateTime" : "10/08/18 11:51:00",
  "value" : "10"
},{
  "dateTime" : "10/08/18 11:52:00",
  "value" : "30"
},{
  "dateTime" : "10/08/18 19:13:00",
  "value" : "10"
},{
  "dateTime" : "10/08/18 19:30:00",
  "value" : "10"
},{
  "dateTime" : "10/08/18 19:38:00",
  "value" : "10"
},{
  "dateTime" : "10/08/18 19:42:00",
  "value" : "10"
},{
  "dateTime" : "10/08/18 19:44:00",
  "value" : "10"
},{
  "dateTime" : "10/08/18 19:50:00",
  "value" : "10"
},{
  "dateTime" : "10/08/18 19:51:00",
  "value" : "10"
},{
  "dateTime" : "10/08/18 22:00:00",
  "value" : "10"
},{
  "dateTime" : "10/08/18 22:01:00",
  "value" : "20"
},{
  "dateTime" : "10/08/18 22:02:00",
  "value" : "20"
},{
  "dateTime" : "10/08/18 23:43:00",
  "value" : "10"
},{
  "dateTime" : "10/09/18 07:18:00",
  "value" : "10"
},{
  "dateTime" : "10/09/18 07:35:00",
  "value" : "10"
},{
  "dateTime" : "10/09/18 12:01:00",
  "value" : "20"
},{
  "dateTime" : "10/09/18 17:10:00",
  "value" : "10"
},{
  "dateTime" : "10/09/18 17:11:00",
  "value" : "10"
},{
  "dateTime" : "10/09/18 17:49:00",
  "value" : "10"
},{
  "dateTime" : "10/09/18 17:55:00",
  "value" : "10"
},{
  "dateTime" : "10/09/18 21:23:00",
  "value" : "10"
},{
  "dateTime" : "10/09/18 21:25:00",
  "value" : "30"
},{
  "dateTime" : "10/09/18 21:26:00",
  "value" : "10"
},{
  "dateTime" : "10/10/18 07:48:00",
  "value" : "20"
},{
  "dateTime" : "10/10/18 07:49:00",
  "value" : "10"
},{
  "dateTime" : "10/10/18 07:50:00",
  "value" : "10"
},{
  "dateTime" : "10/10/18 07:51:00",
  "value" : "30"
},{
  "dateTime" : "10/10/18 11:21:00",
  "value" : "20"
},{
  "dateTime" : "10/10/18 11:23:00",
  "value" : "10"
},{
  "dateTime" : "10/10/18 12:08:00",
  "value" : "10"
},{
  "dateTime" : "10/10/18 12:10:00",
  "value" : "30"
},{
  "dateTime" : "10/10/18 12:11:00",
  "value" : "20"
},{
  "dateTime" : "10/10/18 15:43:00",
  "value" : "20"
},{
  "dateTime" : "10/10/18 17:20:00",
  "value" : "20"
},{
  "dateTime" : "10/10/18 17:36:00",
  "value" : "10"
},{
  "dateTime" : "10/10/18 17:37:00",
  "value" : "20"
},{
  "dateTime" : "10/10/18 21:13:00",
  "value" : "20"
},{
  "dateTime" : "10/10/18 21:14:00",
  "value" : "30"
},{
  "dateTime" : "10/11/18 07:42:00",
  "value" : "10"
},{
  "dateTime" : "10/11/18 07:43:00",
  "value" : "10"
},{
  "dateTime" : "10/11/18 07:44:00",
  "value" : "20"
},{
  "dateTime" : "10/11/18 11:12:00",
  "value" : "10"
},{
  "dateTime" : "10/11/18 11:14:00",
  "value" : "20"
},{
  "dateTime" : "10/11/18 11:45:00",
  "value" : "10"
},{
  "dateTime" : "10/11/18 12:05:00",
  "value" : "10"
},{
  "dateTime" : "10/11/18 13:45:00",
  "value" : "10"
},{
  "dateTime" : "10/11/18 13:49:00",
  "value" : "10"
},{
  "dateTime" : "10/11/18 13:50:00",
  "value" : "40"
},{
  "dateTime" : "10/11/18 13:56:00",
  "value" : "20"
},{
  "dateTime" : "10/11/18 16:36:00",
  "value" : "20"
},{
  "dateTime" : "10/11/18 16:47:00",
  "value" : "20"
},{
  "dateTime" : "10/11/18 16:48:00",
  "value" : "20"
},{
  "dateTime" : "10/12/18 08:03:00",
  "value" : "10"
},{
  "dateTime" : "10/12/18 08:18:00",
  "value" : "10"
},{
  "dateTime" : "10/12/18 08:23:00",
  "value" : "20"
},{
  "dateTime" : "10/12/18 12:18:00",
  "value" : "20"
},{
  "dateTime" : "10/12/18 12:24:00",
  "value" : "10"
},{
  "dateTime" : "10/12/18 12:38:00",
  "value" : "20"
},{
  "dateTime" : "10/12/18 17:50:00",
  "value" : "20"
},{
  "dateTime" : "10/12/18 18:13:00",
  "value" : "10"
},{
  "dateTime" : "10/12/18 18:14:00",
  "value" : "30"
},{
  "dateTime" : "10/13/18 07:57:00",
  "value" : "10"
},{
  "dateTime" : "10/13/18 08:03:00",
  "value" : "10"
},{
  "dateTime" : "10/13/18 08:05:00",
  "value" : "10"
},{
  "dateTime" : "10/13/18 11:49:00",
  "value" : "10"
},{
  "dateTime" : "10/13/18 11:50:00",
  "value" : "20"
},{
  "dateTime" : "10/13/18 12:13:00",
  "value" : "10"
},{
  "dateTime" : "10/13/18 12:27:00",
  "value" : "10"
},{
  "dateTime" : "10/13/18 18:35:00",
  "value" : "20"
},{
  "dateTime" : "10/13/18 18:36:00",
  "value" : "30"
},{
  "dateTime" : "10/13/18 18:59:00",
  "value" : "10"
},{
  "dateTime" : "10/13/18 21:23:00",
  "value" : "10"
},{
  "dateTime" : "10/13/18 21:24:00",
  "value" : "10"
},{
  "dateTime" : "10/13/18 21:25:00",
  "value" : "30"
},{
  "dateTime" : "10/14/18 07:30:00",
  "value" : "10"
},{
  "dateTime" : "10/14/18 07:46:00",
  "value" : "10"
},{
  "dateTime" : "10/14/18 11:29:00",
  "value" : "20"
},{
  "dateTime" : "10/14/18 11:50:00",
  "value" : "10"
},{
  "dateTime" : "10/14/18 17:56:00",
  "value" : "20"
},{
  "dateTime" : "10/14/18 18:15:00",
  "value" : "30"
},{
  "dateTime" : "10/14/18 18:16:00",
  "value" : "10"
},{
  "dateTime" : "10/15/18 07:50:00",
  "value" : "10"
},{
  "dateTime" : "10/15/18 07:51:00",
  "value" : "30"
},{
  "dateTime" : "10/15/18 07:52:00",
  "value" : "20"
},{
  "dateTime" : "10/15/18 11:30:00",
  "value" : "10"
},{
  "dateTime" : "10/15/18 12:01:00",
  "value" : "20"
},{
  "dateTime" : "10/15/18 12:02:00",
  "value" : "20"
},{
  "dateTime" : "10/15/18 14:27:00",
  "value" : "10"
},{
  "dateTime" : "10/15/18 17:33:00",
  "value" : "20"
},{
  "dateTime" : "10/15/18 18:07:00",
  "value" : "10"
},{
  "dateTime" : "10/15/18 18:26:00",
  "value" : "20"
},{
  "dateTime" : "10/15/18 18:27:00",
  "value" : "30"
},{
  "dateTime" : "10/15/18 21:21:00",
  "value" : "10"
},{
  "dateTime" : "10/15/18 21:22:00",
  "value" : "30"
},{
  "dateTime" : "10/15/18 21:23:00",
  "value" : "10"
},{
  "dateTime" : "10/16/18 07:55:00",
  "value" : "10"
},{
  "dateTime" : "10/16/18 07:57:00",
  "value" : "10"
},{
  "dateTime" : "10/16/18 11:37:00",
  "value" : "10"
},{
  "dateTime" : "10/16/18 13:38:00",
  "value" : "10"
},{
  "dateTime" : "10/16/18 13:39:00",
  "value" : "20"
},{
  "dateTime" : "10/16/18 13:40:00",
  "value" : "30"
},{
  "dateTime" : "10/16/18 16:35:00",
  "value" : "10"
},{
  "dateTime" : "10/16/18 16:39:00",
  "value" : "20"
},{
  "dateTime" : "10/16/18 16:40:00",
  "value" : "20"
},{
  "dateTime" : "10/16/18 16:54:00",
  "value" : "10"
},{
  "dateTime" : "10/16/18 17:44:00",
  "value" : "40"
},{
  "dateTime" : "10/17/18 07:57:00",
  "value" : "30"
},{
  "dateTime" : "10/17/18 07:59:00",
  "value" : "30"
},{
  "dateTime" : "10/17/18 08:00:00",
  "value" : "10"
},{
  "dateTime" : "10/17/18 11:22:00",
  "value" : "10"
},{
  "dateTime" : "10/17/18 11:23:00",
  "value" : "10"
},{
  "dateTime" : "10/17/18 11:25:00",
  "value" : "10"
},{
  "dateTime" : "10/17/18 11:26:00",
  "value" : "10"
},{
  "dateTime" : "10/17/18 12:43:00",
  "value" : "10"
},{
  "dateTime" : "10/17/18 18:09:00",
  "value" : "20"
},{
  "dateTime" : "10/17/18 18:23:00",
  "value" : "30"
},{
  "dateTime" : "10/17/18 18:24:00",
  "value" : "10"
},{
  "dateTime" : "10/17/18 21:26:00",
  "value" : "30"
},{
  "dateTime" : "10/17/18 21:27:00",
  "value" : "10"
},{
  "dateTime" : "10/18/18 07:49:00",
  "value" : "10"
},{
  "dateTime" : "10/18/18 07:50:00",
  "value" : "30"
},{
  "dateTime" : "10/18/18 11:29:00",
  "value" : "10"
},{
  "dateTime" : "10/18/18 11:30:00",
  "value" : "10"
},{
  "dateTime" : "10/18/18 11:51:00",
  "value" : "10"
},{
  "dateTime" : "10/18/18 13:46:00",
  "value" : "10"
},{
  "dateTime" : "10/18/18 13:47:00",
  "value" : "20"
},{
  "dateTime" : "10/18/18 13:48:00",
  "value" : "20"
},{
  "dateTime" : "10/18/18 13:49:00",
  "value" : "10"
},{
  "dateTime" : "10/18/18 16:37:00",
  "value" : "10"
},{
  "dateTime" : "10/18/18 16:41:00",
  "value" : "30"
},{
  "dateTime" : "10/18/18 16:42:00",
  "value" : "10"
},{
  "dateTime" : "10/18/18 17:14:00",
  "value" : "40"
},{
  "dateTime" : "10/18/18 17:47:00",
  "value" : "10"
},{
  "dateTime" : "10/18/18 17:48:00",
  "value" : "10"
},{
  "dateTime" : "10/18/18 20:03:00",
  "value" : "30"
},{
  "dateTime" : "10/18/18 20:04:00",
  "value" : "10"
},{
  "dateTime" : "10/18/18 21:32:00",
  "value" : "10"
},{
  "dateTime" : "10/18/18 21:33:00",
  "value" : "20"
},{
  "dateTime" : "10/18/18 21:34:00",
  "value" : "30"
},{
  "dateTime" : "10/18/18 21:38:00",
  "value" : "10"
},{
  "dateTime" : "10/18/18 21:47:00",
  "value" : "10"
},{
  "dateTime" : "10/18/18 21:51:00",
  "value" : "30"
},{
  "dateTime" : "10/18/18 21:52:00",
  "value" : "10"
},{
  "dateTime" : "10/18/18 23:03:00",
  "value" : "10"
},{
  "dateTime" : "10/19/18 07:59:00",
  "value" : "20"
},{
  "dateTime" : "10/19/18 08:00:00",
  "value" : "10"
},{
  "dateTime" : "10/19/18 10:52:00",
  "value" : "20"
},{
  "dateTime" : "10/19/18 10:53:00",
  "value" : "40"
},{
  "dateTime" : "10/19/18 12:08:00",
  "value" : "10"
},{
  "dateTime" : "10/19/18 12:09:00",
  "value" : "20"
},{
  "dateTime" : "10/19/18 12:53:00",
  "value" : "10"
},{
  "dateTime" : "10/19/18 17:11:00",
  "value" : "10"
},{
  "dateTime" : "10/19/18 21:20:00",
  "value" : "10"
},{
  "dateTime" : "10/19/18 21:21:00",
  "value" : "30"
},{
  "dateTime" : "10/19/18 21:22:00",
  "value" : "20"
},{
  "dateTime" : "10/20/18 07:47:00",
  "value" : "10"
},{
  "dateTime" : "10/20/18 07:58:00",
  "value" : "10"
},{
  "dateTime" : "10/20/18 11:40:00",
  "value" : "10"
},{
  "dateTime" : "10/20/18 11:50:00",
  "value" : "20"
},{
  "dateTime" : "10/20/18 13:14:00",
  "value" : "20"
},{
  "dateTime" : "10/20/18 13:20:00",
  "value" : "10"
},{
  "dateTime" : "10/20/18 18:53:00",
  "value" : "20"
},{
  "dateTime" : "10/20/18 18:54:00",
  "value" : "20"
},{
  "dateTime" : "10/20/18 19:14:00",
  "value" : "40"
},{
  "dateTime" : "10/20/18 20:13:00",
  "value" : "0"
},{
  "dateTime" : "10/21/18 07:49:00",
  "value" : "10"
},{
  "dateTime" : "10/21/18 08:18:00",
  "value" : "10"
},{
  "dateTime" : "10/21/18 11:42:00",
  "value" : "10"
},{
  "dateTime" : "10/21/18 19:06:00",
  "value" : "20"
},{
  "dateTime" : "10/21/18 19:07:00",
  "value" : "30"
},{
  "dateTime" : "10/21/18 19:28:00",
  "value" : "10"
},{
  "dateTime" : "10/21/18 19:29:00",
  "value" : "30"
},{
  "dateTime" : "10/22/18 07:54:00",
  "value" : "40"
},{
  "dateTime" : "10/22/18 07:55:00",
  "value" : "20"
},{
  "dateTime" : "10/22/18 11:18:00",
  "value" : "10"
},{
  "dateTime" : "10/22/18 11:41:00",
  "value" : "30"
},{
  "dateTime" : "10/22/18 11:42:00",
  "value" : "10"
},{
  "dateTime" : "10/22/18 13:09:00",
  "value" : "10"
},{
  "dateTime" : "10/22/18 13:10:00",
  "value" : "30"
},{
  "dateTime" : "10/22/18 15:05:00",
  "value" : "10"
},{
  "dateTime" : "10/22/18 17:47:00",
  "value" : "10"
},{
  "dateTime" : "10/22/18 18:02:00",
  "value" : "10"
},{
  "dateTime" : "10/22/18 21:21:00",
  "value" : "10"
},{
  "dateTime" : "10/22/18 21:40:00",
  "value" : "10"
},{
  "dateTime" : "10/22/18 21:42:00",
  "value" : "30"
},{
  "dateTime" : "10/22/18 21:43:00",
  "value" : "10"
},{
  "dateTime" : "10/22/18 21:44:00",
  "value" : "10"
},{
  "dateTime" : "10/22/18 21:45:00",
  "value" : "20"
},{
  "dateTime" : "10/23/18 07:48:00",
  "value" : "10"
},{
  "dateTime" : "10/23/18 11:44:00",
  "value" : "20"
},{
  "dateTime" : "10/23/18 12:09:00",
  "value" : "10"
},{
  "dateTime" : "10/23/18 13:35:00",
  "value" : "10"
},{
  "dateTime" : "10/23/18 13:36:00",
  "value" : "10"
},{
  "dateTime" : "10/23/18 13:37:00",
  "value" : "30"
},{
  "dateTime" : "10/23/18 13:38:00",
  "value" : "10"
},{
  "dateTime" : "10/23/18 13:45:00",
  "value" : "20"
},{
  "dateTime" : "10/23/18 13:46:00",
  "value" : "30"
},{
  "dateTime" : "10/23/18 16:49:00",
  "value" : "10"
},{
  "dateTime" : "10/23/18 16:53:00",
  "value" : "20"
},{
  "dateTime" : "10/23/18 16:54:00",
  "value" : "20"
},{
  "dateTime" : "10/23/18 17:59:00",
  "value" : "30"
},{
  "dateTime" : "10/23/18 18:00:00",
  "value" : "10"
},{
  "dateTime" : "10/23/18 22:08:00",
  "value" : "10"
},{
  "dateTime" : "10/24/18 07:44:00",
  "value" : "10"
},{
  "dateTime" : "10/24/18 07:45:00",
  "value" : "20"
},{
  "dateTime" : "10/24/18 07:47:00",
  "value" : "40"
},{
  "dateTime" : "10/24/18 11:26:00",
  "value" : "10"
},{
  "dateTime" : "10/24/18 11:27:00",
  "value" : "10"
},{
  "dateTime" : "10/24/18 11:29:00",
  "value" : "10"
},{
  "dateTime" : "10/24/18 12:53:00",
  "value" : "10"
},{
  "dateTime" : "10/24/18 12:56:00",
  "value" : "30"
},{
  "dateTime" : "10/24/18 12:57:00",
  "value" : "10"
},{
  "dateTime" : "10/24/18 15:00:00",
  "value" : "10"
},{
  "dateTime" : "10/24/18 18:14:00",
  "value" : "10"
},{
  "dateTime" : "10/24/18 18:15:00",
  "value" : "20"
},{
  "dateTime" : "10/24/18 21:12:00",
  "value" : "10"
},{
  "dateTime" : "10/24/18 21:18:00",
  "value" : "10"
},{
  "dateTime" : "10/24/18 21:26:00",
  "value" : "10"
},{
  "dateTime" : "10/24/18 21:27:00",
  "value" : "10"
},{
  "dateTime" : "10/24/18 21:28:00",
  "value" : "20"
},{
  "dateTime" : "10/24/18 22:26:00",
  "value" : "30"
},{
  "dateTime" : "10/24/18 22:45:00",
  "value" : "10"
},{
  "dateTime" : "10/24/18 22:49:00",
  "value" : "10"
},{
  "dateTime" : "10/24/18 22:56:00",
  "value" : "10"
},{
  "dateTime" : "10/24/18 22:57:00",
  "value" : "10"
},{
  "dateTime" : "10/25/18 00:28:00",
  "value" : "10"
},{
  "dateTime" : "10/25/18 07:49:00",
  "value" : "10"
},{
  "dateTime" : "10/25/18 07:50:00",
  "value" : "20"
},{
  "dateTime" : "10/25/18 11:30:00",
  "value" : "20"
},{
  "dateTime" : "10/25/18 11:45:00",
  "value" : "10"
},{
  "dateTime" : "10/25/18 13:49:00",
  "value" : "10"
},{
  "dateTime" : "10/25/18 13:50:00",
  "value" : "20"
},{
  "dateTime" : "10/25/18 13:51:00",
  "value" : "30"
},{
  "dateTime" : "10/25/18 16:40:00",
  "value" : "10"
},{
  "dateTime" : "10/25/18 16:41:00",
  "value" : "10"
},{
  "dateTime" : "10/25/18 17:07:00",
  "value" : "30"
},{
  "dateTime" : "10/25/18 17:08:00",
  "value" : "10"
},{
  "dateTime" : "10/25/18 17:19:00",
  "value" : "10"
},{
  "dateTime" : "10/25/18 17:25:00",
  "value" : "10"
},{
  "dateTime" : "10/25/18 17:26:00",
  "value" : "10"
},{
  "dateTime" : "10/25/18 17:28:00",
  "value" : "10"
},{
  "dateTime" : "10/25/18 17:31:00",
  "value" : "10"
},{
  "dateTime" : "10/25/18 18:47:00",
  "value" : "10"
},{
  "dateTime" : "10/25/18 20:38:00",
  "value" : "10"
},{
  "dateTime" : "10/25/18 21:19:00",
  "value" : "40"
},{
  "dateTime" : "10/26/18 08:45:00",
  "value" : "10"
},{
  "dateTime" : "10/26/18 09:05:00",
  "value" : "10"
},{
  "dateTime" : "10/26/18 12:05:00",
  "value" : "20"
},{
  "dateTime" : "10/26/18 12:23:00",
  "value" : "10"
},{
  "dateTime" : "10/26/18 13:49:00",
  "value" : "10"
},{
  "dateTime" : "10/26/18 13:53:00",
  "value" : "10"
},{
  "dateTime" : "10/26/18 13:54:00",
  "value" : "20"
},{
  "dateTime" : "10/26/18 18:06:00",
  "value" : "20"
},{
  "dateTime" : "10/26/18 18:07:00",
  "value" : "20"
},{
  "dateTime" : "10/26/18 18:31:00",
  "value" : "10"
},{
  "dateTime" : "10/26/18 19:56:00",
  "value" : "10"
},{
  "dateTime" : "10/26/18 19:59:00",
  "value" : "40"
},{
  "dateTime" : "10/26/18 20:10:00",
  "value" : "20"
},{
  "dateTime" : "10/26/18 20:49:00",
  "value" : "10"
},{
  "dateTime" : "10/26/18 20:50:00",
  "value" : "30"
},{
  "dateTime" : "10/27/18 11:48:00",
  "value" : "10"
},{
  "dateTime" : "10/27/18 11:49:00",
  "value" : "20"
},{
  "dateTime" : "10/27/18 13:11:00",
  "value" : "10"
},{
  "dateTime" : "10/27/18 20:06:00",
  "value" : "10"
},{
  "dateTime" : "10/27/18 20:07:00",
  "value" : "30"
},{
  "dateTime" : "10/27/18 20:08:00",
  "value" : "20"
},{
  "dateTime" : "10/28/18 07:55:00",
  "value" : "10"
},{
  "dateTime" : "10/28/18 07:56:00",
  "value" : "30"
},{
  "dateTime" : "10/28/18 07:58:00",
  "value" : "10"
},{
  "dateTime" : "10/28/18 08:02:00",
  "value" : "10"
},{
  "dateTime" : "10/28/18 08:15:00",
  "value" : "10"
},{
  "dateTime" : "10/28/18 12:22:00",
  "value" : "30"
},{
  "dateTime" : "10/28/18 12:23:00",
  "value" : "20"
},{
  "dateTime" : "10/28/18 12:43:00",
  "value" : "10"
},{
  "dateTime" : "10/28/18 12:44:00",
  "value" : "30"
},{
  "dateTime" : "10/28/18 18:29:00",
  "value" : "10"
},{
  "dateTime" : "10/28/18 18:30:00",
  "value" : "30"
},{
  "dateTime" : "10/28/18 19:12:00",
  "value" : "20"
},{
  "dateTime" : "10/28/18 19:13:00",
  "value" : "20"
},{
  "dateTime" : "10/28/18 19:15:00",
  "value" : "10"
},{
  "dateTime" : "10/28/18 19:16:00",
  "value" : "20"
},{
  "dateTime" : "10/29/18 07:41:00",
  "value" : "10"
},{
  "dateTime" : "10/29/18 07:49:00",
  "value" : "20"
},{
  "dateTime" : "10/29/18 07:50:00",
  "value" : "30"
},{
  "dateTime" : "10/29/18 07:51:00",
  "value" : "10"
},{
  "dateTime" : "10/29/18 11:14:00",
  "value" : "20"
},{
  "dateTime" : "10/29/18 11:24:00",
  "value" : "30"
},{
  "dateTime" : "10/29/18 11:25:00",
  "value" : "10"
},{
  "dateTime" : "10/29/18 12:37:00",
  "value" : "20"
},{
  "dateTime" : "10/29/18 12:38:00",
  "value" : "20"
},{
  "dateTime" : "10/29/18 12:46:00",
  "value" : "10"
},{
  "dateTime" : "10/29/18 15:10:00",
  "value" : "10"
},{
  "dateTime" : "10/29/18 17:26:00",
  "value" : "10"
},{
  "dateTime" : "10/29/18 17:27:00",
  "value" : "20"
},{
  "dateTime" : "10/29/18 17:28:00",
  "value" : "10"
},{
  "dateTime" : "10/29/18 20:52:00",
  "value" : "10"
},{
  "dateTime" : "10/29/18 20:54:00",
  "value" : "40"
},{
  "dateTime" : "10/29/18 20:55:00",
  "value" : "10"
},{
  "dateTime" : "10/29/18 20:56:00",
  "value" : "20"
},{
  "dateTime" : "10/30/18 07:34:00",
  "value" : "10"
},{
  "dateTime" : "10/30/18 11:57:00",
  "value" : "10"
},{
  "dateTime" : "10/30/18 12:19:00",
  "value" : "40"
},{
  "dateTime" : "10/30/18 13:38:00",
  "value" : "10"
},{
  "dateTime" : "10/30/18 13:43:00",
  "value" : "10"
},{
  "dateTime" : "10/30/18 13:44:00",
  "value" : "20"
},{
  "dateTime" : "10/30/18 13:45:00",
  "value" : "30"
},{
  "dateTime" : "10/30/18 17:52:00",
  "value" : "10"
},{
  "dateTime" : "10/30/18 18:07:00",
  "value" : "10"
},{
  "dateTime" : "10/30/18 21:18:00",
  "value" : "10"
},{
  "dateTime" : "10/30/18 21:20:00",
  "value" : "10"
},{
  "dateTime" : "10/30/18 21:21:00",
  "value" : "30"
},{
  "dateTime" : "10/31/18 07:47:00",
  "value" : "30"
},{
  "dateTime" : "10/31/18 07:49:00",
  "value" : "10"
},{
  "dateTime" : "10/31/18 07:50:00",
  "value" : "30"
},{
  "dateTime" : "10/31/18 07:56:00",
  "value" : "10"
},{
  "dateTime" : "10/31/18 11:31:00",
  "value" : "10"
},{
  "dateTime" : "10/31/18 12:16:00",
  "value" : "20"
},{
  "dateTime" : "10/31/18 12:19:00",
  "value" : "10"
},{
  "dateTime" : "10/31/18 12:21:00",
  "value" : "30"
},{
  "dateTime" : "10/31/18 12:22:00",
  "value" : "10"
},{
  "dateTime" : "10/31/18 13:22:00",
  "value" : "30"
},{
  "dateTime" : "10/31/18 13:24:00",
  "value" : "10"
},{
  "dateTime" : "10/31/18 14:50:00",
  "value" : "10"
},{
  "dateTime" : "10/31/18 18:07:00",
  "value" : "10"
},{
  "dateTime" : "10/31/18 18:19:00",
  "value" : "10"
},{
  "dateTime" : "10/31/18 18:28:00",
  "value" : "20"
},{
  "dateTime" : "10/31/18 18:29:00",
  "value" : "10"
},{
  "dateTime" : "10/31/18 21:23:00",
  "value" : "10"
},{
  "dateTime" : "10/31/18 21:25:00",
  "value" : "40"
},{
  "dateTime" : "11/01/18 07:49:00",
  "value" : "10"
},{
  "dateTime" : "11/01/18 07:50:00",
  "value" : "30"
},{
  "dateTime" : "11/01/18 10:39:00",
  "value" : "10"
},{
  "dateTime" : "11/01/18 10:40:00",
  "value" : "30"
},{
  "dateTime" : "11/01/18 12:07:00",
  "value" : "20"
},{
  "dateTime" : "11/01/18 12:33:00",
  "value" : "20"
},{
  "dateTime" : "11/01/18 12:34:00",
  "value" : "20"
},{
  "dateTime" : "11/01/18 13:51:00",
  "value" : "10"
},{
  "dateTime" : "11/01/18 13:52:00",
  "value" : "20"
},{
  "dateTime" : "11/01/18 13:53:00",
  "value" : "30"
},{
  "dateTime" : "11/01/18 14:49:00",
  "value" : "10"
},{
  "dateTime" : "11/01/18 18:19:00",
  "value" : "20"
},{
  "dateTime" : "11/01/18 18:47:00",
  "value" : "10"
},{
  "dateTime" : "11/01/18 21:30:00",
  "value" : "30"
},{
  "dateTime" : "11/01/18 21:31:00",
  "value" : "20"
},{
  "dateTime" : "11/02/18 07:12:00",
  "value" : "10"
},{
  "dateTime" : "11/02/18 11:16:00",
  "value" : "20"
},{
  "dateTime" : "11/02/18 11:17:00",
  "value" : "10"
},{
  "dateTime" : "11/02/18 11:18:00",
  "value" : "10"
},{
  "dateTime" : "11/02/18 11:42:00",
  "value" : "10"
},{
  "dateTime" : "11/02/18 17:03:00",
  "value" : "10"
},{
  "dateTime" : "11/02/18 17:04:00",
  "value" : "10"
},{
  "dateTime" : "11/02/18 17:19:00",
  "value" : "40"
},{
  "dateTime" : "11/02/18 22:23:00",
  "value" : "10"
},{
  "dateTime" : "11/03/18 07:56:00",
  "value" : "10"
},{
  "dateTime" : "11/03/18 08:08:00",
  "value" : "10"
},{
  "dateTime" : "11/03/18 11:17:00",
  "value" : "20"
},{
  "dateTime" : "11/03/18 11:45:00",
  "value" : "10"
},{
  "dateTime" : "11/03/18 11:51:00",
  "value" : "10"
},{
  "dateTime" : "11/03/18 16:59:00",
  "value" : "10"
},{
  "dateTime" : "11/03/18 17:00:00",
  "value" : "10"
},{
  "dateTime" : "11/03/18 17:04:00",
  "value" : "10"
},{
  "dateTime" : "11/03/18 17:53:00",
  "value" : "10"
},{
  "dateTime" : "11/03/18 19:15:00",
  "value" : "10"
},{
  "dateTime" : "11/03/18 19:17:00",
  "value" : "40"
},{
  "dateTime" : "11/03/18 19:56:00",
  "value" : "10"
},{
  "dateTime" : "11/03/18 19:57:00",
  "value" : "10"
},{
  "dateTime" : "11/03/18 19:58:00",
  "value" : "30"
}]