[{
  "dateTime" : "11/04/18 09:51:00",
  "value" : "10"
},{
  "dateTime" : "11/04/18 12:39:00",
  "value" : "10"
},{
  "dateTime" : "11/04/18 13:11:00",
  "value" : "10"
},{
  "dateTime" : "11/04/18 13:12:00",
  "value" : "10"
},{
  "dateTime" : "11/04/18 15:57:00",
  "value" : "10"
},{
  "dateTime" : "11/04/18 16:11:00",
  "value" : "10"
},{
  "dateTime" : "11/04/18 16:14:00",
  "value" : "10"
},{
  "dateTime" : "11/04/18 16:15:00",
  "value" : "30"
},{
  "dateTime" : "11/04/18 16:38:00",
  "value" : "10"
},{
  "dateTime" : "11/04/18 16:39:00",
  "value" : "10"
},{
  "dateTime" : "11/04/18 16:40:00",
  "value" : "30"
},{
  "dateTime" : "11/04/18 19:08:00",
  "value" : "40"
},{
  "dateTime" : "11/05/18 08:05:00",
  "value" : "10"
},{
  "dateTime" : "11/05/18 08:06:00",
  "value" : "30"
},{
  "dateTime" : "11/05/18 08:07:00",
  "value" : "20"
},{
  "dateTime" : "11/05/18 11:05:00",
  "value" : "10"
},{
  "dateTime" : "11/05/18 11:12:00",
  "value" : "10"
},{
  "dateTime" : "11/05/18 11:14:00",
  "value" : "10"
},{
  "dateTime" : "11/05/18 11:46:00",
  "value" : "10"
},{
  "dateTime" : "11/05/18 11:47:00",
  "value" : "20"
},{
  "dateTime" : "11/05/18 17:41:00",
  "value" : "20"
},{
  "dateTime" : "11/05/18 17:43:00",
  "value" : "10"
},{
  "dateTime" : "11/05/18 21:29:00",
  "value" : "10"
},{
  "dateTime" : "11/05/18 21:30:00",
  "value" : "20"
},{
  "dateTime" : "11/05/18 21:31:00",
  "value" : "20"
},{
  "dateTime" : "11/06/18 07:49:00",
  "value" : "10"
},{
  "dateTime" : "11/06/18 07:50:00",
  "value" : "10"
},{
  "dateTime" : "11/06/18 11:42:00",
  "value" : "20"
},{
  "dateTime" : "11/06/18 12:04:00",
  "value" : "20"
},{
  "dateTime" : "11/06/18 12:05:00",
  "value" : "20"
},{
  "dateTime" : "11/06/18 13:41:00",
  "value" : "10"
},{
  "dateTime" : "11/06/18 13:44:00",
  "value" : "10"
},{
  "dateTime" : "11/06/18 13:47:00",
  "value" : "10"
},{
  "dateTime" : "11/06/18 13:48:00",
  "value" : "10"
},{
  "dateTime" : "11/06/18 13:49:00",
  "value" : "40"
},{
  "dateTime" : "11/06/18 16:49:00",
  "value" : "10"
},{
  "dateTime" : "11/06/18 16:50:00",
  "value" : "10"
},{
  "dateTime" : "11/06/18 17:10:00",
  "value" : "10"
},{
  "dateTime" : "11/06/18 17:11:00",
  "value" : "30"
},{
  "dateTime" : "11/06/18 17:16:00",
  "value" : "10"
},{
  "dateTime" : "11/07/18 07:24:00",
  "value" : "10"
},{
  "dateTime" : "11/07/18 07:49:00",
  "value" : "10"
},{
  "dateTime" : "11/07/18 09:58:00",
  "value" : "10"
},{
  "dateTime" : "11/07/18 09:59:00",
  "value" : "40"
},{
  "dateTime" : "11/07/18 10:10:00",
  "value" : "10"
},{
  "dateTime" : "11/07/18 10:12:00",
  "value" : "10"
},{
  "dateTime" : "11/07/18 11:23:00",
  "value" : "10"
},{
  "dateTime" : "11/07/18 11:24:00",
  "value" : "10"
},{
  "dateTime" : "11/07/18 11:51:00",
  "value" : "10"
},{
  "dateTime" : "11/07/18 14:15:00",
  "value" : "10"
},{
  "dateTime" : "11/07/18 14:16:00",
  "value" : "30"
},{
  "dateTime" : "11/07/18 17:31:00",
  "value" : "20"
},{
  "dateTime" : "11/07/18 17:32:00",
  "value" : "10"
},{
  "dateTime" : "11/07/18 17:58:00",
  "value" : "10"
},{
  "dateTime" : "11/07/18 21:20:00",
  "value" : "10"
},{
  "dateTime" : "11/07/18 21:23:00",
  "value" : "40"
},{
  "dateTime" : "11/08/18 08:03:00",
  "value" : "10"
},{
  "dateTime" : "11/08/18 11:49:00",
  "value" : "20"
},{
  "dateTime" : "11/08/18 12:08:00",
  "value" : "40"
},{
  "dateTime" : "11/08/18 13:45:00",
  "value" : "10"
},{
  "dateTime" : "11/08/18 13:46:00",
  "value" : "40"
},{
  "dateTime" : "11/08/18 13:47:00",
  "value" : "10"
},{
  "dateTime" : "11/08/18 16:34:00",
  "value" : "10"
},{
  "dateTime" : "11/08/18 16:35:00",
  "value" : "10"
},{
  "dateTime" : "11/08/18 16:37:00",
  "value" : "10"
},{
  "dateTime" : "11/08/18 16:42:00",
  "value" : "10"
},{
  "dateTime" : "11/08/18 18:13:00",
  "value" : "10"
},{
  "dateTime" : "11/08/18 18:14:00",
  "value" : "40"
},{
  "dateTime" : "11/08/18 18:33:00",
  "value" : "10"
},{
  "dateTime" : "11/08/18 19:12:00",
  "value" : "10"
},{
  "dateTime" : "11/08/18 19:15:00",
  "value" : "20"
},{
  "dateTime" : "11/08/18 19:16:00",
  "value" : "20"
},{
  "dateTime" : "11/08/18 23:16:00",
  "value" : "30"
},{
  "dateTime" : "11/08/18 23:17:00",
  "value" : "10"
},{
  "dateTime" : "11/09/18 07:09:00",
  "value" : "10"
},{
  "dateTime" : "11/09/18 07:31:00",
  "value" : "10"
},{
  "dateTime" : "11/09/18 10:08:00",
  "value" : "20"
},{
  "dateTime" : "11/09/18 10:11:00",
  "value" : "10"
},{
  "dateTime" : "11/09/18 11:34:00",
  "value" : "10"
},{
  "dateTime" : "11/09/18 11:35:00",
  "value" : "10"
},{
  "dateTime" : "11/09/18 16:40:00",
  "value" : "10"
},{
  "dateTime" : "11/09/18 16:41:00",
  "value" : "20"
},{
  "dateTime" : "11/09/18 16:42:00",
  "value" : "30"
},{
  "dateTime" : "11/09/18 17:44:00",
  "value" : "10"
},{
  "dateTime" : "11/09/18 17:47:00",
  "value" : "10"
},{
  "dateTime" : "11/09/18 18:31:00",
  "value" : "10"
},{
  "dateTime" : "11/09/18 18:32:00",
  "value" : "20"
},{
  "dateTime" : "11/09/18 21:11:00",
  "value" : "10"
},{
  "dateTime" : "11/09/18 21:13:00",
  "value" : "40"
},{
  "dateTime" : "11/10/18 08:21:00",
  "value" : "10"
},{
  "dateTime" : "11/10/18 08:35:00",
  "value" : "10"
},{
  "dateTime" : "11/10/18 11:27:00",
  "value" : "10"
},{
  "dateTime" : "11/10/18 11:29:00",
  "value" : "40"
},{
  "dateTime" : "11/10/18 12:27:00",
  "value" : "10"
},{
  "dateTime" : "11/10/18 12:30:00",
  "value" : "10"
},{
  "dateTime" : "11/10/18 12:31:00",
  "value" : "10"
},{
  "dateTime" : "11/10/18 12:33:00",
  "value" : "20"
},{
  "dateTime" : "11/10/18 14:30:00",
  "value" : "10"
},{
  "dateTime" : "11/10/18 14:31:00",
  "value" : "10"
},{
  "dateTime" : "11/10/18 14:37:00",
  "value" : "10"
},{
  "dateTime" : "11/10/18 14:40:00",
  "value" : "10"
},{
  "dateTime" : "11/10/18 18:16:00",
  "value" : "20"
},{
  "dateTime" : "11/10/18 18:50:00",
  "value" : "10"
},{
  "dateTime" : "11/10/18 21:17:00",
  "value" : "10"
},{
  "dateTime" : "11/10/18 21:18:00",
  "value" : "40"
},{
  "dateTime" : "11/11/18 08:21:00",
  "value" : "10"
},{
  "dateTime" : "11/11/18 12:27:00",
  "value" : "20"
},{
  "dateTime" : "11/11/18 12:28:00",
  "value" : "10"
},{
  "dateTime" : "11/11/18 12:29:00",
  "value" : "20"
},{
  "dateTime" : "11/11/18 13:03:00",
  "value" : "10"
},{
  "dateTime" : "11/11/18 19:17:00",
  "value" : "20"
},{
  "dateTime" : "11/11/18 19:51:00",
  "value" : "10"
},{
  "dateTime" : "11/11/18 21:45:00",
  "value" : "10"
},{
  "dateTime" : "11/11/18 21:46:00",
  "value" : "10"
},{
  "dateTime" : "11/11/18 21:47:00",
  "value" : "30"
},{
  "dateTime" : "11/11/18 23:44:00",
  "value" : "10"
},{
  "dateTime" : "11/12/18 00:04:00",
  "value" : "10"
},{
  "dateTime" : "11/12/18 12:48:00",
  "value" : "40"
},{
  "dateTime" : "11/12/18 12:49:00",
  "value" : "10"
},{
  "dateTime" : "11/12/18 13:12:00",
  "value" : "10"
},{
  "dateTime" : "11/12/18 17:28:00",
  "value" : "20"
},{
  "dateTime" : "11/12/18 17:31:00",
  "value" : "10"
},{
  "dateTime" : "11/12/18 20:25:00",
  "value" : "10"
},{
  "dateTime" : "11/12/18 21:36:00",
  "value" : "20"
},{
  "dateTime" : "11/12/18 21:37:00",
  "value" : "20"
},{
  "dateTime" : "11/13/18 07:54:00",
  "value" : "10"
},{
  "dateTime" : "11/13/18 10:39:00",
  "value" : "10"
},{
  "dateTime" : "11/13/18 11:41:00",
  "value" : "10"
},{
  "dateTime" : "11/13/18 11:51:00",
  "value" : "10"
},{
  "dateTime" : "11/13/18 12:25:00",
  "value" : "10"
},{
  "dateTime" : "11/13/18 12:29:00",
  "value" : "20"
},{
  "dateTime" : "11/13/18 13:44:00",
  "value" : "10"
},{
  "dateTime" : "11/13/18 13:45:00",
  "value" : "30"
},{
  "dateTime" : "11/13/18 13:46:00",
  "value" : "30"
},{
  "dateTime" : "11/13/18 16:43:00",
  "value" : "10"
},{
  "dateTime" : "11/13/18 16:47:00",
  "value" : "30"
},{
  "dateTime" : "11/13/18 16:48:00",
  "value" : "10"
},{
  "dateTime" : "11/13/18 16:53:00",
  "value" : "10"
},{
  "dateTime" : "11/13/18 16:54:00",
  "value" : "10"
},{
  "dateTime" : "11/13/18 17:03:00",
  "value" : "20"
},{
  "dateTime" : "11/13/18 17:18:00",
  "value" : "40"
},{
  "dateTime" : "11/13/18 22:52:00",
  "value" : "30"
},{
  "dateTime" : "11/13/18 22:53:00",
  "value" : "10"
},{
  "dateTime" : "11/14/18 08:00:00",
  "value" : "30"
},{
  "dateTime" : "11/14/18 08:02:00",
  "value" : "30"
},{
  "dateTime" : "11/14/18 08:03:00",
  "value" : "10"
},{
  "dateTime" : "11/14/18 13:01:00",
  "value" : "20"
},{
  "dateTime" : "11/14/18 13:02:00",
  "value" : "10"
},{
  "dateTime" : "11/14/18 13:04:00",
  "value" : "30"
},{
  "dateTime" : "11/14/18 13:05:00",
  "value" : "10"
},{
  "dateTime" : "11/14/18 14:50:00",
  "value" : "10"
},{
  "dateTime" : "11/14/18 14:52:00",
  "value" : "10"
},{
  "dateTime" : "11/14/18 17:54:00",
  "value" : "10"
},{
  "dateTime" : "11/14/18 20:23:00",
  "value" : "10"
},{
  "dateTime" : "11/14/18 20:28:00",
  "value" : "10"
},{
  "dateTime" : "11/14/18 20:34:00",
  "value" : "10"
},{
  "dateTime" : "11/14/18 20:36:00",
  "value" : "40"
},{
  "dateTime" : "11/14/18 20:49:00",
  "value" : "10"
},{
  "dateTime" : "11/14/18 21:05:00",
  "value" : "20"
},{
  "dateTime" : "11/14/18 21:06:00",
  "value" : "20"
},{
  "dateTime" : "11/15/18 07:44:00",
  "value" : "10"
},{
  "dateTime" : "11/15/18 07:55:00",
  "value" : "10"
},{
  "dateTime" : "11/15/18 11:59:00",
  "value" : "20"
},{
  "dateTime" : "11/15/18 13:28:00",
  "value" : "10"
},{
  "dateTime" : "11/15/18 13:29:00",
  "value" : "10"
},{
  "dateTime" : "11/15/18 13:31:00",
  "value" : "10"
},{
  "dateTime" : "11/15/18 13:32:00",
  "value" : "30"
},{
  "dateTime" : "11/15/18 13:33:00",
  "value" : "20"
},{
  "dateTime" : "11/15/18 16:40:00",
  "value" : "10"
},{
  "dateTime" : "11/15/18 16:44:00",
  "value" : "20"
},{
  "dateTime" : "11/15/18 16:45:00",
  "value" : "20"
},{
  "dateTime" : "11/15/18 17:28:00",
  "value" : "50"
},{
  "dateTime" : "11/15/18 19:12:00",
  "value" : "10"
},{
  "dateTime" : "11/15/18 19:14:00",
  "value" : "10"
},{
  "dateTime" : "11/15/18 22:18:00",
  "value" : "10"
},{
  "dateTime" : "11/15/18 22:24:00",
  "value" : "20"
},{
  "dateTime" : "11/15/18 22:25:00",
  "value" : "30"
},{
  "dateTime" : "11/16/18 08:38:00",
  "value" : "10"
},{
  "dateTime" : "11/16/18 09:06:00",
  "value" : "30"
},{
  "dateTime" : "11/16/18 12:33:00",
  "value" : "10"
},{
  "dateTime" : "11/16/18 12:34:00",
  "value" : "30"
},{
  "dateTime" : "11/16/18 17:41:00",
  "value" : "10"
},{
  "dateTime" : "11/16/18 17:43:00",
  "value" : "10"
},{
  "dateTime" : "11/16/18 17:44:00",
  "value" : "10"
},{
  "dateTime" : "11/16/18 17:45:00",
  "value" : "10"
},{
  "dateTime" : "11/16/18 18:12:00",
  "value" : "10"
},{
  "dateTime" : "11/16/18 18:15:00",
  "value" : "10"
},{
  "dateTime" : "11/16/18 21:16:00",
  "value" : "10"
},{
  "dateTime" : "11/16/18 21:17:00",
  "value" : "20"
},{
  "dateTime" : "11/16/18 21:18:00",
  "value" : "30"
},{
  "dateTime" : "11/17/18 09:07:00",
  "value" : "10"
},{
  "dateTime" : "11/17/18 11:37:00",
  "value" : "10"
},{
  "dateTime" : "11/17/18 11:38:00",
  "value" : "10"
},{
  "dateTime" : "11/17/18 17:02:00",
  "value" : "10"
},{
  "dateTime" : "11/17/18 17:04:00",
  "value" : "40"
},{
  "dateTime" : "11/17/18 17:05:00",
  "value" : "10"
},{
  "dateTime" : "11/17/18 17:47:00",
  "value" : "10"
},{
  "dateTime" : "11/17/18 17:48:00",
  "value" : "30"
},{
  "dateTime" : "11/18/18 08:35:00",
  "value" : "10"
},{
  "dateTime" : "11/18/18 11:58:00",
  "value" : "20"
},{
  "dateTime" : "11/18/18 12:13:00",
  "value" : "10"
},{
  "dateTime" : "11/18/18 12:14:00",
  "value" : "10"
},{
  "dateTime" : "11/18/18 17:34:00",
  "value" : "10"
},{
  "dateTime" : "11/18/18 17:37:00",
  "value" : "10"
},{
  "dateTime" : "11/18/18 17:45:00",
  "value" : "10"
},{
  "dateTime" : "11/18/18 22:12:00",
  "value" : "10"
},{
  "dateTime" : "11/18/18 22:13:00",
  "value" : "10"
},{
  "dateTime" : "11/18/18 22:18:00",
  "value" : "30"
},{
  "dateTime" : "11/18/18 22:19:00",
  "value" : "10"
},{
  "dateTime" : "11/19/18 08:35:00",
  "value" : "10"
},{
  "dateTime" : "11/19/18 09:00:00",
  "value" : "10"
},{
  "dateTime" : "11/19/18 11:34:00",
  "value" : "20"
},{
  "dateTime" : "11/19/18 11:35:00",
  "value" : "30"
},{
  "dateTime" : "11/19/18 11:53:00",
  "value" : "10"
},{
  "dateTime" : "11/19/18 17:21:00",
  "value" : "10"
},{
  "dateTime" : "11/19/18 17:43:00",
  "value" : "10"
},{
  "dateTime" : "11/19/18 17:45:00",
  "value" : "10"
},{
  "dateTime" : "11/19/18 17:46:00",
  "value" : "10"
},{
  "dateTime" : "11/19/18 17:52:00",
  "value" : "10"
},{
  "dateTime" : "11/19/18 19:36:00",
  "value" : "10"
},{
  "dateTime" : "11/19/18 19:37:00",
  "value" : "30"
},{
  "dateTime" : "11/19/18 19:38:00",
  "value" : "10"
},{
  "dateTime" : "11/20/18 07:53:00",
  "value" : "10"
},{
  "dateTime" : "11/20/18 11:42:00",
  "value" : "10"
},{
  "dateTime" : "11/20/18 11:43:00",
  "value" : "30"
},{
  "dateTime" : "11/20/18 12:08:00",
  "value" : "10"
},{
  "dateTime" : "11/20/18 13:45:00",
  "value" : "20"
},{
  "dateTime" : "11/20/18 13:46:00",
  "value" : "40"
},{
  "dateTime" : "11/20/18 13:47:00",
  "value" : "10"
},{
  "dateTime" : "11/20/18 16:39:00",
  "value" : "20"
},{
  "dateTime" : "11/20/18 17:13:00",
  "value" : "30"
},{
  "dateTime" : "11/20/18 17:14:00",
  "value" : "10"
},{
  "dateTime" : "11/21/18 07:56:00",
  "value" : "30"
},{
  "dateTime" : "11/21/18 07:58:00",
  "value" : "20"
},{
  "dateTime" : "11/21/18 07:59:00",
  "value" : "20"
},{
  "dateTime" : "11/21/18 09:48:00",
  "value" : "20"
},{
  "dateTime" : "11/21/18 09:54:00",
  "value" : "10"
},{
  "dateTime" : "11/21/18 11:40:00",
  "value" : "20"
},{
  "dateTime" : "11/21/18 12:08:00",
  "value" : "10"
},{
  "dateTime" : "11/21/18 14:47:00",
  "value" : "10"
},{
  "dateTime" : "11/21/18 14:48:00",
  "value" : "10"
},{
  "dateTime" : "11/21/18 14:49:00",
  "value" : "10"
},{
  "dateTime" : "11/21/18 14:56:00",
  "value" : "10"
},{
  "dateTime" : "11/21/18 15:05:00",
  "value" : "10"
},{
  "dateTime" : "11/21/18 17:40:00",
  "value" : "10"
},{
  "dateTime" : "11/21/18 17:48:00",
  "value" : "10"
},{
  "dateTime" : "11/21/18 17:49:00",
  "value" : "10"
},{
  "dateTime" : "11/21/18 17:50:00",
  "value" : "20"
},{
  "dateTime" : "11/21/18 18:00:00",
  "value" : "10"
},{
  "dateTime" : "11/21/18 21:22:00",
  "value" : "10"
},{
  "dateTime" : "11/21/18 21:24:00",
  "value" : "40"
},{
  "dateTime" : "11/22/18 08:32:00",
  "value" : "40"
},{
  "dateTime" : "11/22/18 10:16:00",
  "value" : "10"
},{
  "dateTime" : "11/22/18 10:38:00",
  "value" : "10"
},{
  "dateTime" : "11/22/18 11:02:00",
  "value" : "20"
},{
  "dateTime" : "11/22/18 12:06:00",
  "value" : "20"
},{
  "dateTime" : "11/22/18 15:16:00",
  "value" : "20"
},{
  "dateTime" : "11/22/18 17:22:00",
  "value" : "10"
},{
  "dateTime" : "11/22/18 17:56:00",
  "value" : "10"
},{
  "dateTime" : "11/22/18 18:08:00",
  "value" : "10"
},{
  "dateTime" : "11/22/18 18:09:00",
  "value" : "10"
},{
  "dateTime" : "11/22/18 19:08:00",
  "value" : "10"
},{
  "dateTime" : "11/22/18 20:57:00",
  "value" : "10"
},{
  "dateTime" : "11/23/18 05:27:00",
  "value" : "10"
},{
  "dateTime" : "11/23/18 05:30:00",
  "value" : "10"
},{
  "dateTime" : "11/23/18 05:36:00",
  "value" : "20"
},{
  "dateTime" : "11/23/18 05:39:00",
  "value" : "20"
},{
  "dateTime" : "11/23/18 10:37:00",
  "value" : "20"
},{
  "dateTime" : "11/23/18 10:38:00",
  "value" : "10"
},{
  "dateTime" : "11/23/18 13:55:00",
  "value" : "10"
},{
  "dateTime" : "11/23/18 13:56:00",
  "value" : "10"
},{
  "dateTime" : "11/23/18 14:05:00",
  "value" : "20"
},{
  "dateTime" : "11/23/18 14:06:00",
  "value" : "30"
},{
  "dateTime" : "11/23/18 14:07:00",
  "value" : "20"
},{
  "dateTime" : "11/23/18 14:10:00",
  "value" : "10"
},{
  "dateTime" : "11/23/18 14:11:00",
  "value" : "20"
},{
  "dateTime" : "11/23/18 14:12:00",
  "value" : "20"
},{
  "dateTime" : "11/23/18 14:13:00",
  "value" : "30"
},{
  "dateTime" : "11/23/18 14:14:00",
  "value" : "30"
},{
  "dateTime" : "11/23/18 14:15:00",
  "value" : "20"
},{
  "dateTime" : "11/23/18 14:16:00",
  "value" : "30"
},{
  "dateTime" : "11/23/18 14:17:00",
  "value" : "20"
},{
  "dateTime" : "11/23/18 14:29:00",
  "value" : "10"
},{
  "dateTime" : "11/23/18 14:30:00",
  "value" : "20"
},{
  "dateTime" : "11/23/18 14:31:00",
  "value" : "20"
},{
  "dateTime" : "11/23/18 14:32:00",
  "value" : "40"
},{
  "dateTime" : "11/23/18 14:33:00",
  "value" : "50"
},{
  "dateTime" : "11/23/18 14:34:00",
  "value" : "40"
},{
  "dateTime" : "11/23/18 14:35:00",
  "value" : "30"
},{
  "dateTime" : "11/23/18 14:36:00",
  "value" : "30"
},{
  "dateTime" : "11/23/18 14:41:00",
  "value" : "10"
},{
  "dateTime" : "11/23/18 14:44:00",
  "value" : "10"
},{
  "dateTime" : "11/23/18 14:49:00",
  "value" : "20"
},{
  "dateTime" : "11/23/18 14:50:00",
  "value" : "20"
},{
  "dateTime" : "11/23/18 14:51:00",
  "value" : "30"
},{
  "dateTime" : "11/23/18 14:54:00",
  "value" : "30"
},{
  "dateTime" : "11/23/18 14:55:00",
  "value" : "10"
},{
  "dateTime" : "11/23/18 14:56:00",
  "value" : "30"
},{
  "dateTime" : "11/23/18 14:57:00",
  "value" : "30"
},{
  "dateTime" : "11/23/18 14:58:00",
  "value" : "40"
},{
  "dateTime" : "11/23/18 14:59:00",
  "value" : "10"
},{
  "dateTime" : "11/23/18 15:04:00",
  "value" : "10"
},{
  "dateTime" : "11/23/18 15:07:00",
  "value" : "20"
},{
  "dateTime" : "11/23/18 15:08:00",
  "value" : "10"
},{
  "dateTime" : "11/23/18 15:09:00",
  "value" : "20"
},{
  "dateTime" : "11/23/18 15:10:00",
  "value" : "10"
},{
  "dateTime" : "11/23/18 15:11:00",
  "value" : "30"
},{
  "dateTime" : "11/23/18 15:12:00",
  "value" : "20"
},{
  "dateTime" : "11/23/18 15:15:00",
  "value" : "10"
},{
  "dateTime" : "11/23/18 15:20:00",
  "value" : "10"
},{
  "dateTime" : "11/23/18 15:21:00",
  "value" : "20"
},{
  "dateTime" : "11/23/18 15:49:00",
  "value" : "20"
},{
  "dateTime" : "11/23/18 15:51:00",
  "value" : "30"
},{
  "dateTime" : "11/23/18 15:53:00",
  "value" : "30"
},{
  "dateTime" : "11/23/18 15:54:00",
  "value" : "10"
},{
  "dateTime" : "11/23/18 15:55:00",
  "value" : "20"
},{
  "dateTime" : "11/23/18 15:56:00",
  "value" : "10"
},{
  "dateTime" : "11/23/18 15:57:00",
  "value" : "10"
},{
  "dateTime" : "11/23/18 15:58:00",
  "value" : "50"
},{
  "dateTime" : "11/23/18 15:59:00",
  "value" : "10"
},{
  "dateTime" : "11/23/18 16:30:00",
  "value" : "10"
},{
  "dateTime" : "11/23/18 19:43:00",
  "value" : "20"
},{
  "dateTime" : "11/23/18 19:54:00",
  "value" : "20"
},{
  "dateTime" : "11/23/18 21:44:00",
  "value" : "10"
},{
  "dateTime" : "11/23/18 22:35:00",
  "value" : "20"
},{
  "dateTime" : "11/23/18 22:46:00",
  "value" : "20"
},{
  "dateTime" : "11/23/18 22:48:00",
  "value" : "20"
},{
  "dateTime" : "11/23/18 22:49:00",
  "value" : "10"
},{
  "dateTime" : "11/24/18 08:02:00",
  "value" : "10"
},{
  "dateTime" : "11/24/18 08:03:00",
  "value" : "10"
},{
  "dateTime" : "11/24/18 08:04:00",
  "value" : "10"
},{
  "dateTime" : "11/24/18 10:34:00",
  "value" : "10"
},{
  "dateTime" : "11/24/18 13:28:00",
  "value" : "10"
},{
  "dateTime" : "11/24/18 13:29:00",
  "value" : "10"
},{
  "dateTime" : "11/24/18 13:50:00",
  "value" : "10"
},{
  "dateTime" : "11/24/18 13:52:00",
  "value" : "10"
},{
  "dateTime" : "11/24/18 13:57:00",
  "value" : "10"
},{
  "dateTime" : "11/24/18 17:52:00",
  "value" : "10"
},{
  "dateTime" : "11/24/18 19:16:00",
  "value" : "10"
},{
  "dateTime" : "11/25/18 08:47:00",
  "value" : "10"
},{
  "dateTime" : "11/25/18 08:49:00",
  "value" : "10"
},{
  "dateTime" : "11/25/18 08:52:00",
  "value" : "20"
},{
  "dateTime" : "11/25/18 08:53:00",
  "value" : "10"
},{
  "dateTime" : "11/25/18 11:40:00",
  "value" : "10"
},{
  "dateTime" : "11/25/18 14:23:00",
  "value" : "10"
},{
  "dateTime" : "11/25/18 14:24:00",
  "value" : "10"
},{
  "dateTime" : "11/25/18 14:26:00",
  "value" : "10"
},{
  "dateTime" : "11/25/18 14:38:00",
  "value" : "10"
},{
  "dateTime" : "11/25/18 19:00:00",
  "value" : "20"
},{
  "dateTime" : "11/25/18 19:03:00",
  "value" : "10"
},{
  "dateTime" : "11/25/18 20:52:00",
  "value" : "10"
},{
  "dateTime" : "11/25/18 20:55:00",
  "value" : "10"
},{
  "dateTime" : "11/25/18 20:59:00",
  "value" : "20"
},{
  "dateTime" : "11/25/18 21:21:00",
  "value" : "10"
},{
  "dateTime" : "11/25/18 21:24:00",
  "value" : "10"
},{
  "dateTime" : "11/25/18 21:27:00",
  "value" : "20"
},{
  "dateTime" : "11/25/18 21:31:00",
  "value" : "20"
},{
  "dateTime" : "11/25/18 21:39:00",
  "value" : "10"
},{
  "dateTime" : "11/26/18 10:35:00",
  "value" : "10"
},{
  "dateTime" : "11/26/18 11:10:00",
  "value" : "10"
},{
  "dateTime" : "11/26/18 18:08:00",
  "value" : "10"
},{
  "dateTime" : "11/26/18 18:09:00",
  "value" : "10"
},{
  "dateTime" : "11/26/18 18:40:00",
  "value" : "20"
},{
  "dateTime" : "11/26/18 19:21:00",
  "value" : "40"
},{
  "dateTime" : "11/26/18 19:22:00",
  "value" : "10"
},{
  "dateTime" : "11/27/18 07:58:00",
  "value" : "10"
},{
  "dateTime" : "11/27/18 11:48:00",
  "value" : "10"
},{
  "dateTime" : "11/27/18 11:51:00",
  "value" : "10"
},{
  "dateTime" : "11/27/18 12:39:00",
  "value" : "10"
},{
  "dateTime" : "11/27/18 12:41:00",
  "value" : "10"
},{
  "dateTime" : "11/27/18 12:42:00",
  "value" : "30"
},{
  "dateTime" : "11/27/18 12:43:00",
  "value" : "10"
},{
  "dateTime" : "11/27/18 13:48:00",
  "value" : "10"
},{
  "dateTime" : "11/27/18 13:49:00",
  "value" : "10"
},{
  "dateTime" : "11/27/18 13:50:00",
  "value" : "30"
},{
  "dateTime" : "11/27/18 13:51:00",
  "value" : "10"
},{
  "dateTime" : "11/27/18 13:55:00",
  "value" : "10"
},{
  "dateTime" : "11/27/18 16:45:00",
  "value" : "20"
},{
  "dateTime" : "11/27/18 16:47:00",
  "value" : "10"
},{
  "dateTime" : "11/27/18 17:12:00",
  "value" : "10"
},{
  "dateTime" : "11/27/18 21:20:00",
  "value" : "10"
},{
  "dateTime" : "11/27/18 21:21:00",
  "value" : "20"
},{
  "dateTime" : "11/27/18 21:22:00",
  "value" : "20"
},{
  "dateTime" : "11/28/18 07:43:00",
  "value" : "10"
},{
  "dateTime" : "11/28/18 07:55:00",
  "value" : "10"
},{
  "dateTime" : "11/28/18 07:56:00",
  "value" : "20"
},{
  "dateTime" : "11/28/18 07:57:00",
  "value" : "40"
},{
  "dateTime" : "11/28/18 11:37:00",
  "value" : "10"
},{
  "dateTime" : "11/28/18 12:23:00",
  "value" : "10"
},{
  "dateTime" : "11/28/18 12:24:00",
  "value" : "10"
},{
  "dateTime" : "11/28/18 12:26:00",
  "value" : "10"
},{
  "dateTime" : "11/28/18 13:01:00",
  "value" : "10"
},{
  "dateTime" : "11/28/18 13:08:00",
  "value" : "10"
},{
  "dateTime" : "11/28/18 17:39:00",
  "value" : "20"
},{
  "dateTime" : "11/28/18 18:13:00",
  "value" : "20"
},{
  "dateTime" : "11/28/18 18:18:00",
  "value" : "10"
},{
  "dateTime" : "11/28/18 18:19:00",
  "value" : "20"
},{
  "dateTime" : "11/28/18 21:40:00",
  "value" : "10"
},{
  "dateTime" : "11/28/18 21:45:00",
  "value" : "30"
},{
  "dateTime" : "11/28/18 21:46:00",
  "value" : "10"
},{
  "dateTime" : "11/28/18 22:01:00",
  "value" : "20"
},{
  "dateTime" : "11/28/18 22:02:00",
  "value" : "20"
},{
  "dateTime" : "11/29/18 11:21:00",
  "value" : "10"
},{
  "dateTime" : "11/29/18 11:22:00",
  "value" : "30"
},{
  "dateTime" : "11/29/18 13:43:00",
  "value" : "10"
},{
  "dateTime" : "11/29/18 13:44:00",
  "value" : "40"
},{
  "dateTime" : "11/29/18 13:45:00",
  "value" : "20"
},{
  "dateTime" : "11/29/18 16:38:00",
  "value" : "10"
},{
  "dateTime" : "11/29/18 17:12:00",
  "value" : "10"
},{
  "dateTime" : "11/29/18 17:13:00",
  "value" : "10"
},{
  "dateTime" : "11/29/18 17:32:00",
  "value" : "10"
},{
  "dateTime" : "11/29/18 20:49:00",
  "value" : "10"
},{
  "dateTime" : "11/29/18 20:50:00",
  "value" : "10"
},{
  "dateTime" : "11/29/18 21:33:00",
  "value" : "10"
},{
  "dateTime" : "11/29/18 21:34:00",
  "value" : "10"
},{
  "dateTime" : "11/29/18 21:36:00",
  "value" : "10"
},{
  "dateTime" : "11/29/18 21:37:00",
  "value" : "30"
},{
  "dateTime" : "11/30/18 07:47:00",
  "value" : "10"
},{
  "dateTime" : "11/30/18 08:02:00",
  "value" : "10"
},{
  "dateTime" : "11/30/18 08:03:00",
  "value" : "30"
},{
  "dateTime" : "11/30/18 12:09:00",
  "value" : "20"
},{
  "dateTime" : "11/30/18 12:10:00",
  "value" : "30"
},{
  "dateTime" : "11/30/18 13:57:00",
  "value" : "10"
},{
  "dateTime" : "11/30/18 17:20:00",
  "value" : "10"
},{
  "dateTime" : "11/30/18 17:21:00",
  "value" : "20"
},{
  "dateTime" : "11/30/18 17:22:00",
  "value" : "30"
},{
  "dateTime" : "11/30/18 20:36:00",
  "value" : "50"
},{
  "dateTime" : "12/01/18 09:13:00",
  "value" : "10"
},{
  "dateTime" : "12/01/18 12:10:00",
  "value" : "20"
},{
  "dateTime" : "12/01/18 12:25:00",
  "value" : "10"
},{
  "dateTime" : "12/01/18 17:42:00",
  "value" : "10"
},{
  "dateTime" : "12/01/18 17:43:00",
  "value" : "10"
},{
  "dateTime" : "12/01/18 18:04:00",
  "value" : "10"
},{
  "dateTime" : "12/01/18 18:07:00",
  "value" : "10"
},{
  "dateTime" : "12/01/18 19:29:00",
  "value" : "10"
},{
  "dateTime" : "12/01/18 19:30:00",
  "value" : "20"
},{
  "dateTime" : "12/01/18 19:31:00",
  "value" : "20"
},{
  "dateTime" : "12/02/18 09:36:00",
  "value" : "20"
},{
  "dateTime" : "12/02/18 09:45:00",
  "value" : "10"
},{
  "dateTime" : "12/02/18 09:49:00",
  "value" : "10"
},{
  "dateTime" : "12/02/18 10:09:00",
  "value" : "20"
},{
  "dateTime" : "12/02/18 10:10:00",
  "value" : "20"
},{
  "dateTime" : "12/02/18 12:41:00",
  "value" : "30"
},{
  "dateTime" : "12/02/18 12:42:00",
  "value" : "20"
},{
  "dateTime" : "12/02/18 17:55:00",
  "value" : "10"
},{
  "dateTime" : "12/02/18 17:56:00",
  "value" : "10"
},{
  "dateTime" : "12/02/18 18:16:00",
  "value" : "10"
},{
  "dateTime" : "12/02/18 21:22:00",
  "value" : "20"
},{
  "dateTime" : "12/02/18 21:23:00",
  "value" : "20"
},{
  "dateTime" : "12/02/18 21:24:00",
  "value" : "10"
},{
  "dateTime" : "12/03/18 07:39:00",
  "value" : "10"
},{
  "dateTime" : "12/03/18 11:43:00",
  "value" : "20"
},{
  "dateTime" : "12/03/18 12:01:00",
  "value" : "10"
},{
  "dateTime" : "12/03/18 15:16:00",
  "value" : "20"
},{
  "dateTime" : "12/03/18 15:19:00",
  "value" : "10"
},{
  "dateTime" : "12/03/18 17:58:00",
  "value" : "20"
},{
  "dateTime" : "12/03/18 18:23:00",
  "value" : "10"
},{
  "dateTime" : "12/03/18 21:20:00",
  "value" : "10"
},{
  "dateTime" : "12/03/18 21:21:00",
  "value" : "30"
},{
  "dateTime" : "12/03/18 21:22:00",
  "value" : "10"
}]