[{
  "dateTime" : "02/02/19 08:07:00",
  "value" : "10"
},{
  "dateTime" : "02/02/19 08:45:00",
  "value" : "10"
},{
  "dateTime" : "02/02/19 11:20:00",
  "value" : "10"
},{
  "dateTime" : "02/02/19 14:08:00",
  "value" : "10"
},{
  "dateTime" : "02/02/19 14:53:00",
  "value" : "40"
},{
  "dateTime" : "02/02/19 18:18:00",
  "value" : "10"
},{
  "dateTime" : "02/02/19 18:38:00",
  "value" : "30"
},{
  "dateTime" : "02/02/19 18:39:00",
  "value" : "40"
},{
  "dateTime" : "02/02/19 19:59:00",
  "value" : "10"
},{
  "dateTime" : "02/02/19 20:02:00",
  "value" : "10"
},{
  "dateTime" : "02/02/19 20:09:00",
  "value" : "20"
},{
  "dateTime" : "02/02/19 20:22:00",
  "value" : "20"
},{
  "dateTime" : "02/02/19 20:23:00",
  "value" : "30"
},{
  "dateTime" : "02/03/19 13:52:00",
  "value" : "10"
},{
  "dateTime" : "02/03/19 14:05:00",
  "value" : "10"
},{
  "dateTime" : "02/03/19 15:31:00",
  "value" : "10"
},{
  "dateTime" : "02/03/19 19:34:00",
  "value" : "10"
},{
  "dateTime" : "02/03/19 19:35:00",
  "value" : "40"
},{
  "dateTime" : "02/03/19 20:06:00",
  "value" : "10"
},{
  "dateTime" : "02/03/19 20:07:00",
  "value" : "10"
},{
  "dateTime" : "02/04/19 15:52:00",
  "value" : "50"
},{
  "dateTime" : "02/04/19 20:11:00",
  "value" : "10"
},{
  "dateTime" : "02/05/19 11:24:00",
  "value" : "10"
},{
  "dateTime" : "02/05/19 15:29:00",
  "value" : "20"
},{
  "dateTime" : "02/05/19 18:57:00",
  "value" : "50"
},{
  "dateTime" : "02/05/19 18:59:00",
  "value" : "10"
},{
  "dateTime" : "02/06/19 09:11:00",
  "value" : "10"
},{
  "dateTime" : "02/06/19 14:15:00",
  "value" : "10"
},{
  "dateTime" : "02/06/19 15:29:00",
  "value" : "10"
},{
  "dateTime" : "02/06/19 19:29:00",
  "value" : "40"
},{
  "dateTime" : "02/06/19 19:30:00",
  "value" : "10"
},{
  "dateTime" : "02/06/19 19:44:00",
  "value" : "10"
},{
  "dateTime" : "02/06/19 19:53:00",
  "value" : "10"
},{
  "dateTime" : "02/06/19 21:08:00",
  "value" : "10"
},{
  "dateTime" : "02/07/19 08:04:00",
  "value" : "10"
},{
  "dateTime" : "02/07/19 11:52:00",
  "value" : "10"
},{
  "dateTime" : "02/07/19 16:03:00",
  "value" : "10"
},{
  "dateTime" : "02/07/19 23:05:00",
  "value" : "10"
},{
  "dateTime" : "02/08/19 09:31:00",
  "value" : "10"
},{
  "dateTime" : "02/08/19 09:32:00",
  "value" : "10"
},{
  "dateTime" : "02/08/19 09:33:00",
  "value" : "10"
},{
  "dateTime" : "02/08/19 09:34:00",
  "value" : "10"
},{
  "dateTime" : "02/08/19 09:35:00",
  "value" : "10"
},{
  "dateTime" : "02/08/19 09:42:00",
  "value" : "10"
},{
  "dateTime" : "02/08/19 09:49:00",
  "value" : "10"
},{
  "dateTime" : "02/08/19 09:50:00",
  "value" : "20"
},{
  "dateTime" : "02/08/19 10:38:00",
  "value" : "10"
},{
  "dateTime" : "02/08/19 10:39:00",
  "value" : "30"
},{
  "dateTime" : "02/08/19 10:40:00",
  "value" : "10"
},{
  "dateTime" : "02/08/19 14:12:00",
  "value" : "10"
},{
  "dateTime" : "02/08/19 14:13:00",
  "value" : "10"
},{
  "dateTime" : "02/08/19 16:38:00",
  "value" : "10"
},{
  "dateTime" : "02/08/19 19:02:00",
  "value" : "10"
},{
  "dateTime" : "02/08/19 19:03:00",
  "value" : "40"
},{
  "dateTime" : "02/09/19 12:29:00",
  "value" : "10"
},{
  "dateTime" : "02/09/19 12:34:00",
  "value" : "10"
},{
  "dateTime" : "02/09/19 12:54:00",
  "value" : "10"
},{
  "dateTime" : "02/09/19 13:13:00",
  "value" : "50"
},{
  "dateTime" : "02/09/19 18:13:00",
  "value" : "10"
},{
  "dateTime" : "02/09/19 18:14:00",
  "value" : "10"
},{
  "dateTime" : "02/10/19 08:26:00",
  "value" : "10"
},{
  "dateTime" : "02/10/19 09:07:00",
  "value" : "10"
},{
  "dateTime" : "02/10/19 12:38:00",
  "value" : "40"
},{
  "dateTime" : "02/11/19 17:04:00",
  "value" : "10"
},{
  "dateTime" : "02/11/19 17:05:00",
  "value" : "10"
},{
  "dateTime" : "02/11/19 20:44:00",
  "value" : "20"
},{
  "dateTime" : "02/11/19 20:45:00",
  "value" : "30"
},{
  "dateTime" : "02/12/19 09:00:00",
  "value" : "20"
},{
  "dateTime" : "02/12/19 09:01:00",
  "value" : "10"
},{
  "dateTime" : "02/12/19 13:40:00",
  "value" : "10"
},{
  "dateTime" : "02/12/19 17:04:00",
  "value" : "20"
},{
  "dateTime" : "02/12/19 17:11:00",
  "value" : "30"
},{
  "dateTime" : "02/12/19 17:12:00",
  "value" : "20"
},{
  "dateTime" : "02/13/19 09:26:00",
  "value" : "20"
},{
  "dateTime" : "02/13/19 19:39:00",
  "value" : "40"
},{
  "dateTime" : "02/13/19 19:40:00",
  "value" : "10"
},{
  "dateTime" : "02/13/19 21:44:00",
  "value" : "10"
},{
  "dateTime" : "02/14/19 09:17:00",
  "value" : "10"
},{
  "dateTime" : "02/14/19 09:22:00",
  "value" : "10"
},{
  "dateTime" : "02/14/19 11:33:00",
  "value" : "10"
},{
  "dateTime" : "02/14/19 11:36:00",
  "value" : "10"
},{
  "dateTime" : "02/14/19 11:43:00",
  "value" : "10"
},{
  "dateTime" : "02/14/19 12:29:00",
  "value" : "10"
},{
  "dateTime" : "02/14/19 12:39:00",
  "value" : "10"
},{
  "dateTime" : "02/14/19 12:40:00",
  "value" : "40"
},{
  "dateTime" : "02/14/19 13:19:00",
  "value" : "20"
},{
  "dateTime" : "02/14/19 15:23:00",
  "value" : "10"
},{
  "dateTime" : "02/14/19 18:01:00",
  "value" : "30"
},{
  "dateTime" : "02/14/19 18:02:00",
  "value" : "20"
},{
  "dateTime" : "02/14/19 18:57:00",
  "value" : "10"
},{
  "dateTime" : "02/15/19 09:54:00",
  "value" : "10"
},{
  "dateTime" : "02/15/19 10:39:00",
  "value" : "10"
},{
  "dateTime" : "02/15/19 11:31:00",
  "value" : "10"
},{
  "dateTime" : "02/15/19 12:36:00",
  "value" : "10"
},{
  "dateTime" : "02/15/19 12:55:00",
  "value" : "10"
},{
  "dateTime" : "02/15/19 13:00:00",
  "value" : "10"
},{
  "dateTime" : "02/15/19 14:02:00",
  "value" : "10"
},{
  "dateTime" : "02/15/19 14:04:00",
  "value" : "10"
},{
  "dateTime" : "02/15/19 14:07:00",
  "value" : "10"
},{
  "dateTime" : "02/15/19 16:52:00",
  "value" : "10"
},{
  "dateTime" : "02/15/19 21:13:00",
  "value" : "20"
},{
  "dateTime" : "02/15/19 21:14:00",
  "value" : "30"
},{
  "dateTime" : "02/16/19 07:25:00",
  "value" : "30"
},{
  "dateTime" : "02/16/19 10:39:00",
  "value" : "30"
},{
  "dateTime" : "02/16/19 10:40:00",
  "value" : "20"
},{
  "dateTime" : "02/16/19 13:03:00",
  "value" : "20"
},{
  "dateTime" : "02/16/19 13:31:00",
  "value" : "20"
},{
  "dateTime" : "02/16/19 13:37:00",
  "value" : "40"
},{
  "dateTime" : "02/16/19 13:38:00",
  "value" : "10"
},{
  "dateTime" : "02/16/19 14:21:00",
  "value" : "20"
},{
  "dateTime" : "02/16/19 14:23:00",
  "value" : "10"
},{
  "dateTime" : "02/16/19 14:25:00",
  "value" : "40"
},{
  "dateTime" : "02/16/19 15:00:00",
  "value" : "10"
},{
  "dateTime" : "02/16/19 15:01:00",
  "value" : "20"
},{
  "dateTime" : "02/16/19 15:02:00",
  "value" : "10"
},{
  "dateTime" : "02/16/19 15:04:00",
  "value" : "10"
},{
  "dateTime" : "02/16/19 15:09:00",
  "value" : "10"
},{
  "dateTime" : "02/16/19 15:10:00",
  "value" : "10"
},{
  "dateTime" : "02/16/19 15:20:00",
  "value" : "10"
},{
  "dateTime" : "02/16/19 15:37:00",
  "value" : "10"
},{
  "dateTime" : "02/16/19 15:50:00",
  "value" : "10"
},{
  "dateTime" : "02/16/19 15:51:00",
  "value" : "10"
},{
  "dateTime" : "02/16/19 16:59:00",
  "value" : "10"
},{
  "dateTime" : "02/16/19 17:00:00",
  "value" : "30"
},{
  "dateTime" : "02/16/19 17:01:00",
  "value" : "20"
},{
  "dateTime" : "02/16/19 20:51:00",
  "value" : "10"
},{
  "dateTime" : "02/16/19 20:52:00",
  "value" : "30"
},{
  "dateTime" : "02/17/19 09:08:00",
  "value" : "10"
},{
  "dateTime" : "02/17/19 12:11:00",
  "value" : "10"
},{
  "dateTime" : "02/17/19 15:48:00",
  "value" : "10"
},{
  "dateTime" : "02/17/19 17:03:00",
  "value" : "10"
},{
  "dateTime" : "02/17/19 17:06:00",
  "value" : "10"
},{
  "dateTime" : "02/17/19 17:37:00",
  "value" : "10"
},{
  "dateTime" : "02/17/19 18:12:00",
  "value" : "10"
},{
  "dateTime" : "02/18/19 12:13:00",
  "value" : "10"
},{
  "dateTime" : "02/18/19 12:48:00",
  "value" : "10"
},{
  "dateTime" : "02/18/19 12:51:00",
  "value" : "10"
},{
  "dateTime" : "02/18/19 13:12:00",
  "value" : "10"
},{
  "dateTime" : "02/18/19 18:25:00",
  "value" : "30"
},{
  "dateTime" : "02/18/19 18:26:00",
  "value" : "10"
},{
  "dateTime" : "02/18/19 18:27:00",
  "value" : "20"
},{
  "dateTime" : "02/18/19 18:28:00",
  "value" : "10"
},{
  "dateTime" : "02/18/19 18:57:00",
  "value" : "10"
},{
  "dateTime" : "02/18/19 20:33:00",
  "value" : "10"
},{
  "dateTime" : "02/18/19 20:34:00",
  "value" : "10"
},{
  "dateTime" : "02/18/19 20:42:00",
  "value" : "20"
},{
  "dateTime" : "02/18/19 20:53:00",
  "value" : "10"
},{
  "dateTime" : "02/19/19 08:27:00",
  "value" : "10"
},{
  "dateTime" : "02/19/19 09:43:00",
  "value" : "10"
},{
  "dateTime" : "02/19/19 09:59:00",
  "value" : "10"
},{
  "dateTime" : "02/19/19 12:21:00",
  "value" : "10"
},{
  "dateTime" : "02/19/19 13:24:00",
  "value" : "10"
},{
  "dateTime" : "02/19/19 17:30:00",
  "value" : "10"
},{
  "dateTime" : "02/19/19 17:55:00",
  "value" : "20"
},{
  "dateTime" : "02/19/19 17:56:00",
  "value" : "20"
},{
  "dateTime" : "02/19/19 18:27:00",
  "value" : "20"
},{
  "dateTime" : "02/19/19 18:36:00",
  "value" : "10"
},{
  "dateTime" : "02/19/19 21:31:00",
  "value" : "10"
},{
  "dateTime" : "02/19/19 21:41:00",
  "value" : "10"
},{
  "dateTime" : "02/19/19 21:47:00",
  "value" : "10"
},{
  "dateTime" : "02/19/19 22:07:00",
  "value" : "10"
},{
  "dateTime" : "02/19/19 22:10:00",
  "value" : "20"
},{
  "dateTime" : "02/19/19 22:34:00",
  "value" : "10"
},{
  "dateTime" : "02/19/19 22:43:00",
  "value" : "10"
},{
  "dateTime" : "02/20/19 09:37:00",
  "value" : "10"
},{
  "dateTime" : "02/20/19 13:42:00",
  "value" : "10"
},{
  "dateTime" : "02/20/19 16:25:00",
  "value" : "10"
},{
  "dateTime" : "02/20/19 16:29:00",
  "value" : "10"
},{
  "dateTime" : "02/20/19 17:29:00",
  "value" : "10"
},{
  "dateTime" : "02/20/19 18:53:00",
  "value" : "10"
},{
  "dateTime" : "02/20/19 18:58:00",
  "value" : "20"
},{
  "dateTime" : "02/20/19 22:10:00",
  "value" : "10"
},{
  "dateTime" : "02/21/19 08:02:00",
  "value" : "10"
},{
  "dateTime" : "02/21/19 12:17:00",
  "value" : "10"
},{
  "dateTime" : "02/21/19 13:26:00",
  "value" : "10"
},{
  "dateTime" : "02/21/19 13:36:00",
  "value" : "20"
},{
  "dateTime" : "02/21/19 19:14:00",
  "value" : "20"
},{
  "dateTime" : "02/21/19 21:40:00",
  "value" : "10"
},{
  "dateTime" : "02/21/19 21:41:00",
  "value" : "10"
},{
  "dateTime" : "02/21/19 21:42:00",
  "value" : "20"
},{
  "dateTime" : "02/21/19 21:43:00",
  "value" : "10"
},{
  "dateTime" : "02/22/19 08:21:00",
  "value" : "10"
},{
  "dateTime" : "02/22/19 08:35:00",
  "value" : "10"
},{
  "dateTime" : "02/22/19 11:37:00",
  "value" : "10"
},{
  "dateTime" : "02/22/19 11:38:00",
  "value" : "10"
},{
  "dateTime" : "02/22/19 11:39:00",
  "value" : "10"
},{
  "dateTime" : "02/22/19 11:42:00",
  "value" : "10"
},{
  "dateTime" : "02/22/19 11:43:00",
  "value" : "10"
},{
  "dateTime" : "02/22/19 11:44:00",
  "value" : "10"
},{
  "dateTime" : "02/22/19 11:45:00",
  "value" : "10"
},{
  "dateTime" : "02/22/19 11:46:00",
  "value" : "10"
},{
  "dateTime" : "02/22/19 11:48:00",
  "value" : "10"
},{
  "dateTime" : "02/22/19 11:49:00",
  "value" : "10"
},{
  "dateTime" : "02/22/19 11:54:00",
  "value" : "20"
},{
  "dateTime" : "02/22/19 11:55:00",
  "value" : "30"
},{
  "dateTime" : "02/22/19 11:56:00",
  "value" : "10"
},{
  "dateTime" : "02/22/19 12:10:00",
  "value" : "20"
},{
  "dateTime" : "02/22/19 12:38:00",
  "value" : "10"
},{
  "dateTime" : "02/22/19 17:03:00",
  "value" : "10"
},{
  "dateTime" : "02/22/19 19:22:00",
  "value" : "20"
},{
  "dateTime" : "02/23/19 07:30:00",
  "value" : "10"
},{
  "dateTime" : "02/23/19 08:42:00",
  "value" : "10"
},{
  "dateTime" : "02/23/19 13:55:00",
  "value" : "20"
},{
  "dateTime" : "02/23/19 18:06:00",
  "value" : "10"
},{
  "dateTime" : "02/23/19 19:27:00",
  "value" : "20"
},{
  "dateTime" : "02/24/19 08:29:00",
  "value" : "10"
},{
  "dateTime" : "02/24/19 08:36:00",
  "value" : "10"
},{
  "dateTime" : "02/24/19 08:37:00",
  "value" : "10"
},{
  "dateTime" : "02/24/19 12:29:00",
  "value" : "10"
},{
  "dateTime" : "02/24/19 13:24:00",
  "value" : "10"
},{
  "dateTime" : "02/24/19 13:28:00",
  "value" : "20"
},{
  "dateTime" : "02/24/19 13:30:00",
  "value" : "10"
},{
  "dateTime" : "02/24/19 19:40:00",
  "value" : "20"
},{
  "dateTime" : "02/25/19 08:23:00",
  "value" : "10"
},{
  "dateTime" : "02/25/19 08:31:00",
  "value" : "10"
},{
  "dateTime" : "02/25/19 08:37:00",
  "value" : "10"
},{
  "dateTime" : "02/25/19 12:26:00",
  "value" : "10"
},{
  "dateTime" : "02/25/19 12:27:00",
  "value" : "20"
},{
  "dateTime" : "02/25/19 14:40:00",
  "value" : "20"
},{
  "dateTime" : "02/25/19 14:41:00",
  "value" : "10"
},{
  "dateTime" : "02/25/19 14:42:00",
  "value" : "10"
},{
  "dateTime" : "02/25/19 14:43:00",
  "value" : "10"
},{
  "dateTime" : "02/25/19 14:45:00",
  "value" : "10"
},{
  "dateTime" : "02/25/19 15:31:00",
  "value" : "10"
},{
  "dateTime" : "02/25/19 15:38:00",
  "value" : "10"
},{
  "dateTime" : "02/25/19 16:43:00",
  "value" : "10"
},{
  "dateTime" : "02/25/19 16:54:00",
  "value" : "20"
},{
  "dateTime" : "02/25/19 16:57:00",
  "value" : "10"
},{
  "dateTime" : "02/25/19 16:58:00",
  "value" : "10"
},{
  "dateTime" : "02/25/19 17:01:00",
  "value" : "10"
},{
  "dateTime" : "02/25/19 17:20:00",
  "value" : "20"
},{
  "dateTime" : "02/25/19 17:21:00",
  "value" : "10"
},{
  "dateTime" : "02/25/19 19:43:00",
  "value" : "10"
},{
  "dateTime" : "02/26/19 08:20:00",
  "value" : "10"
},{
  "dateTime" : "02/26/19 13:47:00",
  "value" : "10"
},{
  "dateTime" : "02/26/19 13:56:00",
  "value" : "10"
},{
  "dateTime" : "02/26/19 19:02:00",
  "value" : "10"
},{
  "dateTime" : "02/26/19 19:04:00",
  "value" : "10"
},{
  "dateTime" : "02/27/19 09:02:00",
  "value" : "10"
},{
  "dateTime" : "02/27/19 13:04:00",
  "value" : "20"
},{
  "dateTime" : "02/27/19 17:57:00",
  "value" : "40"
},{
  "dateTime" : "02/27/19 18:03:00",
  "value" : "20"
},{
  "dateTime" : "02/27/19 18:11:00",
  "value" : "10"
},{
  "dateTime" : "02/27/19 18:16:00",
  "value" : "10"
},{
  "dateTime" : "02/27/19 18:18:00",
  "value" : "10"
},{
  "dateTime" : "02/27/19 18:30:00",
  "value" : "20"
},{
  "dateTime" : "02/27/19 19:09:00",
  "value" : "20"
},{
  "dateTime" : "02/27/19 19:10:00",
  "value" : "10"
},{
  "dateTime" : "02/27/19 19:21:00",
  "value" : "10"
},{
  "dateTime" : "02/27/19 19:22:00",
  "value" : "10"
},{
  "dateTime" : "02/27/19 19:30:00",
  "value" : "10"
},{
  "dateTime" : "02/28/19 08:53:00",
  "value" : "20"
},{
  "dateTime" : "02/28/19 08:54:00",
  "value" : "40"
},{
  "dateTime" : "02/28/19 10:04:00",
  "value" : "10"
},{
  "dateTime" : "02/28/19 10:05:00",
  "value" : "10"
},{
  "dateTime" : "02/28/19 10:12:00",
  "value" : "50"
},{
  "dateTime" : "02/28/19 10:13:00",
  "value" : "30"
},{
  "dateTime" : "02/28/19 13:22:00",
  "value" : "10"
},{
  "dateTime" : "02/28/19 15:12:00",
  "value" : "10"
},{
  "dateTime" : "02/28/19 15:27:00",
  "value" : "10"
},{
  "dateTime" : "02/28/19 15:28:00",
  "value" : "10"
},{
  "dateTime" : "02/28/19 15:35:00",
  "value" : "10"
},{
  "dateTime" : "02/28/19 15:36:00",
  "value" : "10"
},{
  "dateTime" : "02/28/19 15:38:00",
  "value" : "10"
},{
  "dateTime" : "02/28/19 15:41:00",
  "value" : "10"
},{
  "dateTime" : "02/28/19 15:46:00",
  "value" : "10"
},{
  "dateTime" : "02/28/19 15:52:00",
  "value" : "10"
},{
  "dateTime" : "02/28/19 15:54:00",
  "value" : "10"
},{
  "dateTime" : "02/28/19 16:13:00",
  "value" : "10"
},{
  "dateTime" : "02/28/19 16:31:00",
  "value" : "10"
},{
  "dateTime" : "02/28/19 16:33:00",
  "value" : "10"
},{
  "dateTime" : "02/28/19 16:35:00",
  "value" : "10"
},{
  "dateTime" : "02/28/19 16:38:00",
  "value" : "10"
},{
  "dateTime" : "02/28/19 16:43:00",
  "value" : "20"
},{
  "dateTime" : "02/28/19 16:50:00",
  "value" : "10"
},{
  "dateTime" : "02/28/19 16:51:00",
  "value" : "10"
},{
  "dateTime" : "02/28/19 17:05:00",
  "value" : "10"
},{
  "dateTime" : "02/28/19 18:50:00",
  "value" : "10"
},{
  "dateTime" : "02/28/19 22:04:00",
  "value" : "10"
},{
  "dateTime" : "02/28/19 22:22:00",
  "value" : "10"
},{
  "dateTime" : "03/01/19 08:26:00",
  "value" : "10"
},{
  "dateTime" : "03/01/19 11:11:00",
  "value" : "10"
},{
  "dateTime" : "03/01/19 11:12:00",
  "value" : "10"
},{
  "dateTime" : "03/01/19 12:21:00",
  "value" : "10"
},{
  "dateTime" : "03/01/19 13:05:00",
  "value" : "10"
},{
  "dateTime" : "03/01/19 14:25:00",
  "value" : "10"
},{
  "dateTime" : "03/01/19 14:34:00",
  "value" : "10"
},{
  "dateTime" : "03/01/19 17:11:00",
  "value" : "10"
},{
  "dateTime" : "03/01/19 17:50:00",
  "value" : "10"
},{
  "dateTime" : "03/01/19 17:57:00",
  "value" : "10"
},{
  "dateTime" : "03/01/19 17:58:00",
  "value" : "10"
},{
  "dateTime" : "03/01/19 18:03:00",
  "value" : "10"
},{
  "dateTime" : "03/01/19 18:07:00",
  "value" : "10"
},{
  "dateTime" : "03/01/19 18:10:00",
  "value" : "10"
},{
  "dateTime" : "03/01/19 18:18:00",
  "value" : "10"
},{
  "dateTime" : "03/01/19 19:49:00",
  "value" : "10"
},{
  "dateTime" : "03/01/19 19:50:00",
  "value" : "10"
},{
  "dateTime" : "03/01/19 19:52:00",
  "value" : "10"
},{
  "dateTime" : "03/01/19 19:53:00",
  "value" : "10"
},{
  "dateTime" : "03/01/19 19:54:00",
  "value" : "20"
},{
  "dateTime" : "03/01/19 20:03:00",
  "value" : "10"
},{
  "dateTime" : "03/01/19 20:12:00",
  "value" : "10"
},{
  "dateTime" : "03/01/19 20:21:00",
  "value" : "10"
},{
  "dateTime" : "03/01/19 20:23:00",
  "value" : "10"
},{
  "dateTime" : "03/01/19 20:27:00",
  "value" : "10"
},{
  "dateTime" : "03/01/19 20:28:00",
  "value" : "10"
},{
  "dateTime" : "03/01/19 20:31:00",
  "value" : "10"
},{
  "dateTime" : "03/02/19 08:47:00",
  "value" : "10"
},{
  "dateTime" : "03/02/19 12:56:00",
  "value" : "20"
},{
  "dateTime" : "03/02/19 23:33:00",
  "value" : "10"
},{
  "dateTime" : "03/03/19 09:00:00",
  "value" : "20"
},{
  "dateTime" : "03/03/19 09:54:00",
  "value" : "10"
},{
  "dateTime" : "03/03/19 18:20:00",
  "value" : "10"
},{
  "dateTime" : "03/03/19 18:34:00",
  "value" : "10"
}]