[{
  "dateTime" : "01/03/19 10:18:00",
  "value" : "10"
},{
  "dateTime" : "01/03/19 13:13:00",
  "value" : "10"
},{
  "dateTime" : "01/03/19 13:14:00",
  "value" : "10"
},{
  "dateTime" : "01/03/19 13:15:00",
  "value" : "30"
},{
  "dateTime" : "01/03/19 13:41:00",
  "value" : "10"
},{
  "dateTime" : "01/03/19 13:43:00",
  "value" : "10"
},{
  "dateTime" : "01/03/19 19:32:00",
  "value" : "10"
},{
  "dateTime" : "01/03/19 22:11:00",
  "value" : "10"
},{
  "dateTime" : "01/03/19 22:12:00",
  "value" : "20"
},{
  "dateTime" : "01/03/19 22:13:00",
  "value" : "30"
},{
  "dateTime" : "01/04/19 08:40:00",
  "value" : "10"
},{
  "dateTime" : "01/04/19 09:18:00",
  "value" : "10"
},{
  "dateTime" : "01/04/19 11:47:00",
  "value" : "10"
},{
  "dateTime" : "01/04/19 11:48:00",
  "value" : "40"
},{
  "dateTime" : "01/04/19 11:49:00",
  "value" : "10"
},{
  "dateTime" : "01/04/19 19:30:00",
  "value" : "20"
},{
  "dateTime" : "01/04/19 21:50:00",
  "value" : "10"
},{
  "dateTime" : "01/04/19 21:51:00",
  "value" : "10"
},{
  "dateTime" : "01/04/19 21:53:00",
  "value" : "40"
},{
  "dateTime" : "01/04/19 23:02:00",
  "value" : "10"
},{
  "dateTime" : "01/05/19 11:19:00",
  "value" : "10"
},{
  "dateTime" : "01/05/19 12:00:00",
  "value" : "40"
},{
  "dateTime" : "01/05/19 12:01:00",
  "value" : "20"
},{
  "dateTime" : "01/05/19 15:40:00",
  "value" : "10"
},{
  "dateTime" : "01/05/19 22:30:00",
  "value" : "10"
},{
  "dateTime" : "01/06/19 15:10:00",
  "value" : "10"
},{
  "dateTime" : "01/06/19 15:15:00",
  "value" : "10"
},{
  "dateTime" : "01/06/19 18:35:00",
  "value" : "10"
},{
  "dateTime" : "01/07/19 08:04:00",
  "value" : "10"
},{
  "dateTime" : "01/07/19 08:07:00",
  "value" : "10"
},{
  "dateTime" : "01/07/19 09:23:00",
  "value" : "10"
},{
  "dateTime" : "01/07/19 10:28:00",
  "value" : "10"
},{
  "dateTime" : "01/07/19 10:29:00",
  "value" : "20"
},{
  "dateTime" : "01/07/19 12:28:00",
  "value" : "10"
},{
  "dateTime" : "01/07/19 12:44:00",
  "value" : "10"
},{
  "dateTime" : "01/07/19 13:17:00",
  "value" : "30"
},{
  "dateTime" : "01/07/19 14:28:00",
  "value" : "10"
},{
  "dateTime" : "01/07/19 14:29:00",
  "value" : "10"
},{
  "dateTime" : "01/07/19 15:14:00",
  "value" : "10"
},{
  "dateTime" : "01/07/19 15:15:00",
  "value" : "20"
},{
  "dateTime" : "01/07/19 15:32:00",
  "value" : "10"
},{
  "dateTime" : "01/07/19 18:19:00",
  "value" : "10"
},{
  "dateTime" : "01/07/19 18:24:00",
  "value" : "10"
},{
  "dateTime" : "01/07/19 18:43:00",
  "value" : "10"
},{
  "dateTime" : "01/07/19 19:06:00",
  "value" : "10"
},{
  "dateTime" : "01/07/19 19:13:00",
  "value" : "10"
},{
  "dateTime" : "01/07/19 19:23:00",
  "value" : "10"
},{
  "dateTime" : "01/08/19 09:07:00",
  "value" : "10"
},{
  "dateTime" : "01/08/19 11:39:00",
  "value" : "10"
},{
  "dateTime" : "01/08/19 11:40:00",
  "value" : "10"
},{
  "dateTime" : "01/08/19 11:56:00",
  "value" : "10"
},{
  "dateTime" : "01/08/19 11:57:00",
  "value" : "10"
},{
  "dateTime" : "01/08/19 12:19:00",
  "value" : "10"
},{
  "dateTime" : "01/08/19 13:02:00",
  "value" : "30"
},{
  "dateTime" : "01/08/19 13:03:00",
  "value" : "10"
},{
  "dateTime" : "01/08/19 14:02:00",
  "value" : "10"
},{
  "dateTime" : "01/08/19 14:51:00",
  "value" : "10"
},{
  "dateTime" : "01/08/19 14:57:00",
  "value" : "10"
},{
  "dateTime" : "01/08/19 15:36:00",
  "value" : "10"
},{
  "dateTime" : "01/08/19 16:08:00",
  "value" : "10"
},{
  "dateTime" : "01/08/19 17:02:00",
  "value" : "10"
},{
  "dateTime" : "01/08/19 17:05:00",
  "value" : "10"
},{
  "dateTime" : "01/08/19 18:11:00",
  "value" : "10"
},{
  "dateTime" : "01/09/19 08:16:00",
  "value" : "10"
},{
  "dateTime" : "01/09/19 10:04:00",
  "value" : "10"
},{
  "dateTime" : "01/09/19 10:48:00",
  "value" : "10"
},{
  "dateTime" : "01/09/19 10:57:00",
  "value" : "10"
},{
  "dateTime" : "01/09/19 12:14:00",
  "value" : "10"
},{
  "dateTime" : "01/09/19 12:16:00",
  "value" : "10"
},{
  "dateTime" : "01/09/19 12:26:00",
  "value" : "20"
},{
  "dateTime" : "01/09/19 12:51:00",
  "value" : "10"
},{
  "dateTime" : "01/09/19 18:27:00",
  "value" : "10"
},{
  "dateTime" : "01/09/19 19:06:00",
  "value" : "10"
},{
  "dateTime" : "01/09/19 23:13:00",
  "value" : "10"
},{
  "dateTime" : "01/09/19 23:20:00",
  "value" : "10"
},{
  "dateTime" : "01/10/19 11:39:00",
  "value" : "10"
},{
  "dateTime" : "01/10/19 13:56:00",
  "value" : "10"
},{
  "dateTime" : "01/10/19 14:12:00",
  "value" : "10"
},{
  "dateTime" : "01/10/19 14:13:00",
  "value" : "40"
},{
  "dateTime" : "01/10/19 18:25:00",
  "value" : "40"
},{
  "dateTime" : "01/10/19 19:57:00",
  "value" : "10"
},{
  "dateTime" : "01/11/19 10:34:00",
  "value" : "10"
},{
  "dateTime" : "01/11/19 10:48:00",
  "value" : "10"
},{
  "dateTime" : "01/11/19 14:02:00",
  "value" : "10"
},{
  "dateTime" : "01/11/19 14:03:00",
  "value" : "20"
},{
  "dateTime" : "01/11/19 14:04:00",
  "value" : "20"
},{
  "dateTime" : "01/11/19 14:26:00",
  "value" : "10"
},{
  "dateTime" : "01/11/19 18:47:00",
  "value" : "30"
},{
  "dateTime" : "01/11/19 18:48:00",
  "value" : "20"
},{
  "dateTime" : "01/11/19 19:59:00",
  "value" : "10"
},{
  "dateTime" : "01/11/19 20:00:00",
  "value" : "20"
},{
  "dateTime" : "01/11/19 20:01:00",
  "value" : "30"
},{
  "dateTime" : "01/12/19 07:52:00",
  "value" : "10"
},{
  "dateTime" : "01/12/19 08:02:00",
  "value" : "10"
},{
  "dateTime" : "01/12/19 08:04:00",
  "value" : "10"
},{
  "dateTime" : "01/12/19 11:37:00",
  "value" : "30"
},{
  "dateTime" : "01/12/19 11:59:00",
  "value" : "10"
},{
  "dateTime" : "01/12/19 15:04:00",
  "value" : "20"
},{
  "dateTime" : "01/12/19 15:05:00",
  "value" : "30"
},{
  "dateTime" : "01/12/19 15:09:00",
  "value" : "10"
},{
  "dateTime" : "01/12/19 15:14:00",
  "value" : "10"
},{
  "dateTime" : "01/12/19 15:18:00",
  "value" : "10"
},{
  "dateTime" : "01/12/19 15:19:00",
  "value" : "10"
},{
  "dateTime" : "01/12/19 15:42:00",
  "value" : "10"
},{
  "dateTime" : "01/12/19 17:56:00",
  "value" : "20"
},{
  "dateTime" : "01/12/19 17:57:00",
  "value" : "10"
},{
  "dateTime" : "01/12/19 18:23:00",
  "value" : "10"
},{
  "dateTime" : "01/12/19 18:25:00",
  "value" : "30"
},{
  "dateTime" : "01/12/19 18:26:00",
  "value" : "20"
},{
  "dateTime" : "01/12/19 19:17:00",
  "value" : "10"
},{
  "dateTime" : "01/12/19 19:18:00",
  "value" : "10"
},{
  "dateTime" : "01/12/19 19:19:00",
  "value" : "30"
},{
  "dateTime" : "01/13/19 09:20:00",
  "value" : "10"
},{
  "dateTime" : "01/13/19 09:45:00",
  "value" : "10"
},{
  "dateTime" : "01/13/19 12:28:00",
  "value" : "30"
},{
  "dateTime" : "01/13/19 12:29:00",
  "value" : "20"
},{
  "dateTime" : "01/13/19 12:52:00",
  "value" : "10"
},{
  "dateTime" : "01/13/19 17:01:00",
  "value" : "10"
},{
  "dateTime" : "01/13/19 17:02:00",
  "value" : "10"
},{
  "dateTime" : "01/13/19 17:03:00",
  "value" : "30"
},{
  "dateTime" : "01/13/19 17:04:00",
  "value" : "10"
},{
  "dateTime" : "01/13/19 19:22:00",
  "value" : "50"
},{
  "dateTime" : "01/13/19 23:25:00",
  "value" : "10"
},{
  "dateTime" : "01/14/19 08:25:00",
  "value" : "10"
},{
  "dateTime" : "01/14/19 11:42:00",
  "value" : "20"
},{
  "dateTime" : "01/14/19 11:43:00",
  "value" : "30"
},{
  "dateTime" : "01/14/19 12:00:00",
  "value" : "10"
},{
  "dateTime" : "01/14/19 15:32:00",
  "value" : "10"
},{
  "dateTime" : "01/14/19 15:45:00",
  "value" : "10"
},{
  "dateTime" : "01/14/19 18:26:00",
  "value" : "10"
},{
  "dateTime" : "01/14/19 18:27:00",
  "value" : "30"
},{
  "dateTime" : "01/14/19 18:28:00",
  "value" : "10"
},{
  "dateTime" : "01/14/19 18:42:00",
  "value" : "10"
},{
  "dateTime" : "01/14/19 21:28:00",
  "value" : "10"
},{
  "dateTime" : "01/14/19 21:29:00",
  "value" : "10"
},{
  "dateTime" : "01/14/19 21:30:00",
  "value" : "30"
},{
  "dateTime" : "01/15/19 09:51:00",
  "value" : "10"
},{
  "dateTime" : "01/15/19 09:52:00",
  "value" : "10"
},{
  "dateTime" : "01/15/19 09:53:00",
  "value" : "40"
},{
  "dateTime" : "01/15/19 12:51:00",
  "value" : "30"
},{
  "dateTime" : "01/15/19 12:52:00",
  "value" : "10"
},{
  "dateTime" : "01/15/19 18:47:00",
  "value" : "10"
},{
  "dateTime" : "01/15/19 21:22:00",
  "value" : "10"
},{
  "dateTime" : "01/15/19 21:24:00",
  "value" : "40"
},{
  "dateTime" : "01/15/19 21:25:00",
  "value" : "10"
},{
  "dateTime" : "01/16/19 08:36:00",
  "value" : "10"
},{
  "dateTime" : "01/16/19 08:57:00",
  "value" : "10"
},{
  "dateTime" : "01/16/19 08:58:00",
  "value" : "10"
},{
  "dateTime" : "01/16/19 12:18:00",
  "value" : "20"
},{
  "dateTime" : "01/16/19 20:25:00",
  "value" : "10"
},{
  "dateTime" : "01/16/19 20:26:00",
  "value" : "40"
},{
  "dateTime" : "01/16/19 20:27:00",
  "value" : "10"
},{
  "dateTime" : "01/17/19 09:20:00",
  "value" : "10"
},{
  "dateTime" : "01/17/19 12:11:00",
  "value" : "10"
},{
  "dateTime" : "01/17/19 12:12:00",
  "value" : "20"
},{
  "dateTime" : "01/17/19 15:02:00",
  "value" : "10"
},{
  "dateTime" : "01/17/19 15:03:00",
  "value" : "10"
},{
  "dateTime" : "01/17/19 15:04:00",
  "value" : "20"
},{
  "dateTime" : "01/17/19 15:05:00",
  "value" : "30"
},{
  "dateTime" : "01/17/19 15:23:00",
  "value" : "10"
},{
  "dateTime" : "01/17/19 15:30:00",
  "value" : "10"
},{
  "dateTime" : "01/17/19 15:34:00",
  "value" : "10"
},{
  "dateTime" : "01/17/19 15:35:00",
  "value" : "10"
},{
  "dateTime" : "01/17/19 15:43:00",
  "value" : "10"
},{
  "dateTime" : "01/17/19 15:50:00",
  "value" : "10"
},{
  "dateTime" : "01/17/19 15:51:00",
  "value" : "10"
},{
  "dateTime" : "01/17/19 15:55:00",
  "value" : "10"
},{
  "dateTime" : "01/17/19 15:56:00",
  "value" : "10"
},{
  "dateTime" : "01/17/19 16:00:00",
  "value" : "30"
},{
  "dateTime" : "01/17/19 16:01:00",
  "value" : "10"
},{
  "dateTime" : "01/17/19 16:15:00",
  "value" : "20"
},{
  "dateTime" : "01/17/19 16:16:00",
  "value" : "10"
},{
  "dateTime" : "01/17/19 16:19:00",
  "value" : "10"
},{
  "dateTime" : "01/17/19 16:34:00",
  "value" : "10"
},{
  "dateTime" : "01/17/19 16:40:00",
  "value" : "10"
},{
  "dateTime" : "01/17/19 16:41:00",
  "value" : "10"
},{
  "dateTime" : "01/17/19 16:45:00",
  "value" : "20"
},{
  "dateTime" : "01/17/19 16:47:00",
  "value" : "10"
},{
  "dateTime" : "01/17/19 17:35:00",
  "value" : "30"
},{
  "dateTime" : "01/17/19 17:36:00",
  "value" : "10"
},{
  "dateTime" : "01/17/19 19:17:00",
  "value" : "50"
},{
  "dateTime" : "01/17/19 21:45:00",
  "value" : "10"
},{
  "dateTime" : "01/17/19 21:46:00",
  "value" : "30"
},{
  "dateTime" : "01/17/19 21:47:00",
  "value" : "20"
},{
  "dateTime" : "01/18/19 11:31:00",
  "value" : "20"
},{
  "dateTime" : "01/18/19 11:33:00",
  "value" : "10"
},{
  "dateTime" : "01/18/19 11:34:00",
  "value" : "10"
},{
  "dateTime" : "01/18/19 11:45:00",
  "value" : "10"
},{
  "dateTime" : "01/18/19 15:17:00",
  "value" : "10"
},{
  "dateTime" : "01/18/19 18:18:00",
  "value" : "10"
},{
  "dateTime" : "01/18/19 18:19:00",
  "value" : "20"
},{
  "dateTime" : "01/18/19 19:18:00",
  "value" : "50"
},{
  "dateTime" : "01/18/19 23:20:00",
  "value" : "10"
},{
  "dateTime" : "01/19/19 08:29:00",
  "value" : "10"
},{
  "dateTime" : "01/19/19 08:36:00",
  "value" : "10"
},{
  "dateTime" : "01/19/19 08:45:00",
  "value" : "10"
},{
  "dateTime" : "01/19/19 08:51:00",
  "value" : "10"
},{
  "dateTime" : "01/19/19 12:00:00",
  "value" : "10"
},{
  "dateTime" : "01/19/19 12:02:00",
  "value" : "30"
},{
  "dateTime" : "01/19/19 12:03:00",
  "value" : "30"
},{
  "dateTime" : "01/19/19 12:38:00",
  "value" : "10"
},{
  "dateTime" : "01/19/19 17:42:00",
  "value" : "10"
},{
  "dateTime" : "01/19/19 17:45:00",
  "value" : "10"
},{
  "dateTime" : "01/19/19 18:02:00",
  "value" : "10"
},{
  "dateTime" : "01/19/19 21:54:00",
  "value" : "10"
},{
  "dateTime" : "01/19/19 21:55:00",
  "value" : "10"
},{
  "dateTime" : "01/19/19 21:56:00",
  "value" : "40"
},{
  "dateTime" : "01/20/19 08:42:00",
  "value" : "10"
},{
  "dateTime" : "01/20/19 09:03:00",
  "value" : "10"
},{
  "dateTime" : "01/20/19 09:04:00",
  "value" : "10"
},{
  "dateTime" : "01/20/19 09:06:00",
  "value" : "10"
},{
  "dateTime" : "01/20/19 12:12:00",
  "value" : "10"
},{
  "dateTime" : "01/20/19 17:34:00",
  "value" : "10"
},{
  "dateTime" : "01/20/19 17:38:00",
  "value" : "10"
},{
  "dateTime" : "01/20/19 17:44:00",
  "value" : "20"
},{
  "dateTime" : "01/20/19 17:46:00",
  "value" : "40"
},{
  "dateTime" : "01/20/19 18:02:00",
  "value" : "10"
},{
  "dateTime" : "01/20/19 21:01:00",
  "value" : "20"
},{
  "dateTime" : "01/20/19 21:02:00",
  "value" : "20"
},{
  "dateTime" : "01/20/19 22:15:00",
  "value" : "10"
},{
  "dateTime" : "01/21/19 06:50:00",
  "value" : "10"
},{
  "dateTime" : "01/21/19 06:51:00",
  "value" : "10"
},{
  "dateTime" : "01/21/19 07:49:00",
  "value" : "20"
},{
  "dateTime" : "01/21/19 08:22:00",
  "value" : "10"
},{
  "dateTime" : "01/21/19 09:29:00",
  "value" : "10"
},{
  "dateTime" : "01/21/19 13:01:00",
  "value" : "10"
},{
  "dateTime" : "01/21/19 13:07:00",
  "value" : "10"
},{
  "dateTime" : "01/21/19 14:12:00",
  "value" : "10"
},{
  "dateTime" : "01/21/19 16:05:00",
  "value" : "30"
},{
  "dateTime" : "01/21/19 16:07:00",
  "value" : "10"
},{
  "dateTime" : "01/21/19 16:09:00",
  "value" : "20"
},{
  "dateTime" : "01/21/19 16:12:00",
  "value" : "20"
},{
  "dateTime" : "01/21/19 16:13:00",
  "value" : "30"
},{
  "dateTime" : "01/22/19 08:22:00",
  "value" : "20"
},{
  "dateTime" : "01/22/19 08:30:00",
  "value" : "40"
},{
  "dateTime" : "01/22/19 08:31:00",
  "value" : "10"
},{
  "dateTime" : "01/22/19 09:34:00",
  "value" : "10"
},{
  "dateTime" : "01/22/19 09:37:00",
  "value" : "10"
},{
  "dateTime" : "01/22/19 17:14:00",
  "value" : "30"
},{
  "dateTime" : "01/22/19 17:15:00",
  "value" : "30"
},{
  "dateTime" : "01/22/19 17:18:00",
  "value" : "10"
},{
  "dateTime" : "01/22/19 18:49:00",
  "value" : "10"
},{
  "dateTime" : "01/22/19 20:24:00",
  "value" : "50"
},{
  "dateTime" : "01/22/19 20:25:00",
  "value" : "10"
},{
  "dateTime" : "01/23/19 09:58:00",
  "value" : "30"
},{
  "dateTime" : "01/23/19 09:59:00",
  "value" : "20"
},{
  "dateTime" : "01/23/19 10:15:00",
  "value" : "10"
},{
  "dateTime" : "01/23/19 10:28:00",
  "value" : "10"
},{
  "dateTime" : "01/23/19 10:36:00",
  "value" : "10"
},{
  "dateTime" : "01/23/19 10:37:00",
  "value" : "30"
},{
  "dateTime" : "01/23/19 12:14:00",
  "value" : "10"
},{
  "dateTime" : "01/23/19 12:58:00",
  "value" : "20"
},{
  "dateTime" : "01/23/19 13:07:00",
  "value" : "20"
},{
  "dateTime" : "01/23/19 13:08:00",
  "value" : "30"
},{
  "dateTime" : "01/23/19 16:01:00",
  "value" : "10"
},{
  "dateTime" : "01/23/19 17:21:00",
  "value" : "50"
},{
  "dateTime" : "01/24/19 13:34:00",
  "value" : "10"
},{
  "dateTime" : "01/24/19 13:35:00",
  "value" : "30"
},{
  "dateTime" : "01/24/19 13:36:00",
  "value" : "10"
},{
  "dateTime" : "01/24/19 17:27:00",
  "value" : "10"
},{
  "dateTime" : "01/24/19 17:28:00",
  "value" : "40"
},{
  "dateTime" : "01/26/19 15:46:00",
  "value" : "50"
},{
  "dateTime" : "01/26/19 15:51:00",
  "value" : "20"
},{
  "dateTime" : "01/26/19 16:05:00",
  "value" : "10"
},{
  "dateTime" : "01/26/19 20:07:00",
  "value" : "40"
},{
  "dateTime" : "01/26/19 20:08:00",
  "value" : "10"
},{
  "dateTime" : "01/27/19 07:44:00",
  "value" : "10"
},{
  "dateTime" : "01/27/19 12:22:00",
  "value" : "10"
},{
  "dateTime" : "01/27/19 12:55:00",
  "value" : "10"
},{
  "dateTime" : "01/27/19 16:08:00",
  "value" : "10"
},{
  "dateTime" : "01/27/19 16:57:00",
  "value" : "40"
},{
  "dateTime" : "01/27/19 16:58:00",
  "value" : "20"
},{
  "dateTime" : "01/27/19 17:02:00",
  "value" : "20"
},{
  "dateTime" : "01/27/19 17:03:00",
  "value" : "40"
},{
  "dateTime" : "01/28/19 08:44:00",
  "value" : "10"
},{
  "dateTime" : "01/28/19 15:49:00",
  "value" : "10"
},{
  "dateTime" : "01/28/19 15:50:00",
  "value" : "40"
},{
  "dateTime" : "01/28/19 20:31:00",
  "value" : "20"
},{
  "dateTime" : "01/28/19 20:33:00",
  "value" : "40"
},{
  "dateTime" : "01/28/19 20:34:00",
  "value" : "10"
},{
  "dateTime" : "01/29/19 08:50:00",
  "value" : "20"
},{
  "dateTime" : "01/29/19 11:26:00",
  "value" : "10"
},{
  "dateTime" : "01/29/19 15:27:00",
  "value" : "10"
},{
  "dateTime" : "01/29/19 15:28:00",
  "value" : "10"
},{
  "dateTime" : "01/29/19 15:38:00",
  "value" : "10"
},{
  "dateTime" : "01/29/19 16:24:00",
  "value" : "20"
},{
  "dateTime" : "01/29/19 16:25:00",
  "value" : "30"
},{
  "dateTime" : "01/29/19 18:56:00",
  "value" : "40"
},{
  "dateTime" : "01/29/19 18:57:00",
  "value" : "10"
},{
  "dateTime" : "01/30/19 07:48:00",
  "value" : "10"
},{
  "dateTime" : "01/30/19 10:14:00",
  "value" : "10"
},{
  "dateTime" : "01/30/19 15:32:00",
  "value" : "10"
},{
  "dateTime" : "01/30/19 16:36:00",
  "value" : "10"
},{
  "dateTime" : "01/30/19 17:13:00",
  "value" : "30"
},{
  "dateTime" : "01/30/19 17:14:00",
  "value" : "10"
},{
  "dateTime" : "01/30/19 17:43:00",
  "value" : "10"
},{
  "dateTime" : "01/30/19 18:56:00",
  "value" : "10"
},{
  "dateTime" : "01/30/19 19:14:00",
  "value" : "10"
},{
  "dateTime" : "01/31/19 08:45:00",
  "value" : "20"
},{
  "dateTime" : "01/31/19 08:56:00",
  "value" : "10"
},{
  "dateTime" : "01/31/19 17:09:00",
  "value" : "10"
},{
  "dateTime" : "01/31/19 17:10:00",
  "value" : "10"
},{
  "dateTime" : "01/31/19 17:19:00",
  "value" : "40"
},{
  "dateTime" : "01/31/19 17:20:00",
  "value" : "10"
},{
  "dateTime" : "02/01/19 08:06:00",
  "value" : "10"
},{
  "dateTime" : "02/01/19 08:27:00",
  "value" : "10"
},{
  "dateTime" : "02/01/19 12:39:00",
  "value" : "20"
},{
  "dateTime" : "02/01/19 12:40:00",
  "value" : "30"
},{
  "dateTime" : "02/01/19 16:07:00",
  "value" : "10"
},{
  "dateTime" : "02/01/19 16:08:00",
  "value" : "10"
},{
  "dateTime" : "02/01/19 18:02:00",
  "value" : "10"
},{
  "dateTime" : "02/01/19 20:52:00",
  "value" : "20"
},{
  "dateTime" : "02/01/19 21:07:00",
  "value" : "10"
}]