[{
  "dateTime" : "12/04/18 07:48:00",
  "value" : "10"
},{
  "dateTime" : "12/04/18 07:54:00",
  "value" : "10"
},{
  "dateTime" : "12/04/18 07:57:00",
  "value" : "10"
},{
  "dateTime" : "12/04/18 11:14:00",
  "value" : "20"
},{
  "dateTime" : "12/04/18 11:16:00",
  "value" : "20"
},{
  "dateTime" : "12/04/18 11:44:00",
  "value" : "10"
},{
  "dateTime" : "12/04/18 11:45:00",
  "value" : "10"
},{
  "dateTime" : "12/04/18 13:33:00",
  "value" : "10"
},{
  "dateTime" : "12/04/18 13:35:00",
  "value" : "10"
},{
  "dateTime" : "12/04/18 13:36:00",
  "value" : "30"
},{
  "dateTime" : "12/04/18 13:37:00",
  "value" : "20"
},{
  "dateTime" : "12/04/18 16:38:00",
  "value" : "10"
},{
  "dateTime" : "12/04/18 18:23:00",
  "value" : "10"
},{
  "dateTime" : "12/04/18 18:26:00",
  "value" : "30"
},{
  "dateTime" : "12/04/18 18:27:00",
  "value" : "10"
},{
  "dateTime" : "12/05/18 09:27:00",
  "value" : "10"
},{
  "dateTime" : "12/05/18 11:58:00",
  "value" : "20"
},{
  "dateTime" : "12/05/18 11:59:00",
  "value" : "30"
},{
  "dateTime" : "12/05/18 12:31:00",
  "value" : "10"
},{
  "dateTime" : "12/05/18 12:32:00",
  "value" : "30"
},{
  "dateTime" : "12/05/18 14:08:00",
  "value" : "10"
},{
  "dateTime" : "12/05/18 16:59:00",
  "value" : "10"
},{
  "dateTime" : "12/05/18 17:00:00",
  "value" : "10"
},{
  "dateTime" : "12/05/18 17:02:00",
  "value" : "10"
},{
  "dateTime" : "12/05/18 18:08:00",
  "value" : "10"
},{
  "dateTime" : "12/05/18 18:09:00",
  "value" : "10"
},{
  "dateTime" : "12/05/18 18:15:00",
  "value" : "20"
},{
  "dateTime" : "12/05/18 18:16:00",
  "value" : "20"
},{
  "dateTime" : "12/06/18 08:12:00",
  "value" : "10"
},{
  "dateTime" : "12/06/18 11:32:00",
  "value" : "10"
},{
  "dateTime" : "12/06/18 11:33:00",
  "value" : "40"
},{
  "dateTime" : "12/06/18 12:05:00",
  "value" : "10"
},{
  "dateTime" : "12/06/18 13:47:00",
  "value" : "10"
},{
  "dateTime" : "12/06/18 13:50:00",
  "value" : "30"
},{
  "dateTime" : "12/06/18 13:51:00",
  "value" : "40"
},{
  "dateTime" : "12/06/18 16:34:00",
  "value" : "20"
},{
  "dateTime" : "12/06/18 17:06:00",
  "value" : "10"
},{
  "dateTime" : "12/06/18 21:25:00",
  "value" : "10"
},{
  "dateTime" : "12/06/18 21:28:00",
  "value" : "20"
},{
  "dateTime" : "12/06/18 21:29:00",
  "value" : "20"
},{
  "dateTime" : "12/07/18 10:18:00",
  "value" : "10"
},{
  "dateTime" : "12/07/18 12:10:00",
  "value" : "40"
},{
  "dateTime" : "12/07/18 12:31:00",
  "value" : "10"
},{
  "dateTime" : "12/07/18 17:22:00",
  "value" : "10"
},{
  "dateTime" : "12/07/18 17:23:00",
  "value" : "10"
},{
  "dateTime" : "12/07/18 17:24:00",
  "value" : "20"
},{
  "dateTime" : "12/07/18 19:33:00",
  "value" : "10"
},{
  "dateTime" : "12/07/18 21:30:00",
  "value" : "10"
},{
  "dateTime" : "12/07/18 21:31:00",
  "value" : "40"
},{
  "dateTime" : "12/08/18 09:09:00",
  "value" : "10"
},{
  "dateTime" : "12/08/18 09:46:00",
  "value" : "10"
},{
  "dateTime" : "12/08/18 12:21:00",
  "value" : "10"
},{
  "dateTime" : "12/08/18 12:23:00",
  "value" : "20"
},{
  "dateTime" : "12/08/18 18:04:00",
  "value" : "20"
},{
  "dateTime" : "12/08/18 18:06:00",
  "value" : "10"
},{
  "dateTime" : "12/08/18 20:11:00",
  "value" : "10"
},{
  "dateTime" : "12/08/18 20:12:00",
  "value" : "30"
},{
  "dateTime" : "12/08/18 20:13:00",
  "value" : "20"
},{
  "dateTime" : "12/08/18 22:17:00",
  "value" : "10"
},{
  "dateTime" : "12/08/18 22:18:00",
  "value" : "20"
},{
  "dateTime" : "12/08/18 22:19:00",
  "value" : "30"
},{
  "dateTime" : "12/09/18 07:56:00",
  "value" : "10"
},{
  "dateTime" : "12/09/18 08:09:00",
  "value" : "10"
},{
  "dateTime" : "12/09/18 08:11:00",
  "value" : "10"
},{
  "dateTime" : "12/09/18 09:59:00",
  "value" : "10"
},{
  "dateTime" : "12/09/18 12:53:00",
  "value" : "20"
},{
  "dateTime" : "12/09/18 12:55:00",
  "value" : "10"
},{
  "dateTime" : "12/09/18 13:10:00",
  "value" : "50"
},{
  "dateTime" : "12/09/18 14:30:00",
  "value" : "10"
},{
  "dateTime" : "12/09/18 17:40:00",
  "value" : "30"
},{
  "dateTime" : "12/09/18 17:41:00",
  "value" : "20"
},{
  "dateTime" : "12/09/18 17:48:00",
  "value" : "10"
},{
  "dateTime" : "12/09/18 17:51:00",
  "value" : "30"
},{
  "dateTime" : "12/09/18 17:52:00",
  "value" : "10"
},{
  "dateTime" : "12/10/18 07:53:00",
  "value" : "10"
},{
  "dateTime" : "12/10/18 08:07:00",
  "value" : "10"
},{
  "dateTime" : "12/10/18 12:41:00",
  "value" : "40"
},{
  "dateTime" : "12/10/18 12:42:00",
  "value" : "10"
},{
  "dateTime" : "12/10/18 12:54:00",
  "value" : "10"
},{
  "dateTime" : "12/10/18 19:13:00",
  "value" : "20"
},{
  "dateTime" : "12/10/18 19:15:00",
  "value" : "20"
},{
  "dateTime" : "12/10/18 19:43:00",
  "value" : "10"
},{
  "dateTime" : "12/10/18 20:59:00",
  "value" : "10"
},{
  "dateTime" : "12/10/18 21:02:00",
  "value" : "20"
},{
  "dateTime" : "12/10/18 21:03:00",
  "value" : "30"
},{
  "dateTime" : "12/11/18 08:28:00",
  "value" : "20"
},{
  "dateTime" : "12/11/18 12:05:00",
  "value" : "30"
},{
  "dateTime" : "12/11/18 12:06:00",
  "value" : "20"
},{
  "dateTime" : "12/11/18 12:22:00",
  "value" : "10"
},{
  "dateTime" : "12/11/18 13:33:00",
  "value" : "10"
},{
  "dateTime" : "12/11/18 13:34:00",
  "value" : "10"
},{
  "dateTime" : "12/11/18 13:36:00",
  "value" : "10"
},{
  "dateTime" : "12/11/18 13:37:00",
  "value" : "40"
},{
  "dateTime" : "12/11/18 13:38:00",
  "value" : "30"
},{
  "dateTime" : "12/11/18 13:43:00",
  "value" : "10"
},{
  "dateTime" : "12/11/18 16:31:00",
  "value" : "10"
},{
  "dateTime" : "12/11/18 16:37:00",
  "value" : "10"
},{
  "dateTime" : "12/11/18 16:38:00",
  "value" : "10"
},{
  "dateTime" : "12/11/18 17:06:00",
  "value" : "10"
},{
  "dateTime" : "12/11/18 17:15:00",
  "value" : "10"
},{
  "dateTime" : "12/11/18 17:55:00",
  "value" : "10"
},{
  "dateTime" : "12/11/18 17:56:00",
  "value" : "30"
},{
  "dateTime" : "12/11/18 17:57:00",
  "value" : "20"
},{
  "dateTime" : "12/11/18 18:02:00",
  "value" : "10"
},{
  "dateTime" : "12/11/18 18:04:00",
  "value" : "10"
},{
  "dateTime" : "12/11/18 23:28:00",
  "value" : "10"
},{
  "dateTime" : "12/12/18 09:47:00",
  "value" : "10"
},{
  "dateTime" : "12/12/18 09:48:00",
  "value" : "30"
},{
  "dateTime" : "12/12/18 09:49:00",
  "value" : "10"
},{
  "dateTime" : "12/12/18 09:52:00",
  "value" : "10"
},{
  "dateTime" : "12/12/18 09:53:00",
  "value" : "10"
},{
  "dateTime" : "12/12/18 10:01:00",
  "value" : "20"
},{
  "dateTime" : "12/12/18 12:11:00",
  "value" : "10"
},{
  "dateTime" : "12/12/18 12:13:00",
  "value" : "10"
},{
  "dateTime" : "12/12/18 12:14:00",
  "value" : "10"
},{
  "dateTime" : "12/12/18 12:15:00",
  "value" : "30"
},{
  "dateTime" : "12/12/18 15:39:00",
  "value" : "10"
},{
  "dateTime" : "12/12/18 17:36:00",
  "value" : "10"
},{
  "dateTime" : "12/12/18 21:52:00",
  "value" : "10"
},{
  "dateTime" : "12/12/18 21:53:00",
  "value" : "10"
},{
  "dateTime" : "12/12/18 21:54:00",
  "value" : "30"
},{
  "dateTime" : "12/12/18 21:55:00",
  "value" : "20"
},{
  "dateTime" : "12/12/18 22:49:00",
  "value" : "10"
},{
  "dateTime" : "12/12/18 23:33:00",
  "value" : "40"
},{
  "dateTime" : "12/13/18 08:10:00",
  "value" : "10"
},{
  "dateTime" : "12/13/18 08:11:00",
  "value" : "10"
},{
  "dateTime" : "12/13/18 11:39:00",
  "value" : "10"
},{
  "dateTime" : "12/13/18 11:40:00",
  "value" : "30"
},{
  "dateTime" : "12/13/18 12:02:00",
  "value" : "10"
},{
  "dateTime" : "12/13/18 12:04:00",
  "value" : "10"
},{
  "dateTime" : "12/13/18 13:36:00",
  "value" : "20"
},{
  "dateTime" : "12/13/18 13:44:00",
  "value" : "10"
},{
  "dateTime" : "12/13/18 13:45:00",
  "value" : "20"
},{
  "dateTime" : "12/13/18 13:51:00",
  "value" : "20"
},{
  "dateTime" : "12/13/18 13:52:00",
  "value" : "30"
},{
  "dateTime" : "12/13/18 13:53:00",
  "value" : "10"
},{
  "dateTime" : "12/13/18 16:36:00",
  "value" : "10"
},{
  "dateTime" : "12/13/18 16:38:00",
  "value" : "10"
},{
  "dateTime" : "12/13/18 17:48:00",
  "value" : "10"
},{
  "dateTime" : "12/13/18 17:50:00",
  "value" : "30"
},{
  "dateTime" : "12/13/18 17:51:00",
  "value" : "30"
},{
  "dateTime" : "12/13/18 21:01:00",
  "value" : "10"
},{
  "dateTime" : "12/13/18 21:04:00",
  "value" : "20"
},{
  "dateTime" : "12/13/18 21:25:00",
  "value" : "40"
},{
  "dateTime" : "12/14/18 08:01:00",
  "value" : "10"
},{
  "dateTime" : "12/14/18 12:36:00",
  "value" : "10"
},{
  "dateTime" : "12/14/18 12:37:00",
  "value" : "40"
},{
  "dateTime" : "12/14/18 12:56:00",
  "value" : "10"
},{
  "dateTime" : "12/14/18 14:17:00",
  "value" : "30"
},{
  "dateTime" : "12/14/18 17:09:00",
  "value" : "10"
},{
  "dateTime" : "12/14/18 17:11:00",
  "value" : "40"
},{
  "dateTime" : "12/14/18 17:12:00",
  "value" : "10"
},{
  "dateTime" : "12/14/18 18:15:00",
  "value" : "60"
},{
  "dateTime" : "12/14/18 20:25:00",
  "value" : "10"
},{
  "dateTime" : "12/14/18 20:29:00",
  "value" : "10"
},{
  "dateTime" : "12/14/18 20:34:00",
  "value" : "30"
},{
  "dateTime" : "12/14/18 20:35:00",
  "value" : "20"
},{
  "dateTime" : "12/15/18 08:24:00",
  "value" : "10"
},{
  "dateTime" : "12/15/18 08:36:00",
  "value" : "10"
},{
  "dateTime" : "12/15/18 12:24:00",
  "value" : "10"
},{
  "dateTime" : "12/15/18 12:28:00",
  "value" : "20"
},{
  "dateTime" : "12/15/18 12:29:00",
  "value" : "20"
},{
  "dateTime" : "12/15/18 12:58:00",
  "value" : "10"
},{
  "dateTime" : "12/15/18 16:15:00",
  "value" : "20"
},{
  "dateTime" : "12/15/18 16:18:00",
  "value" : "10"
},{
  "dateTime" : "12/15/18 18:45:00",
  "value" : "10"
},{
  "dateTime" : "12/15/18 18:46:00",
  "value" : "10"
},{
  "dateTime" : "12/15/18 18:47:00",
  "value" : "30"
},{
  "dateTime" : "12/15/18 18:49:00",
  "value" : "20"
},{
  "dateTime" : "12/15/18 19:09:00",
  "value" : "10"
},{
  "dateTime" : "12/15/18 21:23:00",
  "value" : "10"
},{
  "dateTime" : "12/15/18 21:25:00",
  "value" : "50"
},{
  "dateTime" : "12/16/18 11:47:00",
  "value" : "10"
},{
  "dateTime" : "12/16/18 11:48:00",
  "value" : "10"
},{
  "dateTime" : "12/16/18 14:16:00",
  "value" : "10"
},{
  "dateTime" : "12/16/18 17:10:00",
  "value" : "10"
},{
  "dateTime" : "12/16/18 17:11:00",
  "value" : "10"
},{
  "dateTime" : "12/16/18 17:54:00",
  "value" : "10"
},{
  "dateTime" : "12/16/18 17:57:00",
  "value" : "50"
},{
  "dateTime" : "12/17/18 07:58:00",
  "value" : "10"
},{
  "dateTime" : "12/17/18 11:31:00",
  "value" : "10"
},{
  "dateTime" : "12/17/18 11:32:00",
  "value" : "30"
},{
  "dateTime" : "12/17/18 11:33:00",
  "value" : "10"
},{
  "dateTime" : "12/17/18 12:02:00",
  "value" : "10"
},{
  "dateTime" : "12/17/18 16:00:00",
  "value" : "10"
},{
  "dateTime" : "12/17/18 18:08:00",
  "value" : "20"
},{
  "dateTime" : "12/17/18 18:09:00",
  "value" : "10"
},{
  "dateTime" : "12/17/18 18:25:00",
  "value" : "10"
},{
  "dateTime" : "12/17/18 21:06:00",
  "value" : "10"
},{
  "dateTime" : "12/17/18 21:07:00",
  "value" : "10"
},{
  "dateTime" : "12/17/18 21:09:00",
  "value" : "30"
},{
  "dateTime" : "12/17/18 21:10:00",
  "value" : "10"
},{
  "dateTime" : "12/18/18 08:40:00",
  "value" : "10"
},{
  "dateTime" : "12/18/18 08:55:00",
  "value" : "10"
},{
  "dateTime" : "12/18/18 08:56:00",
  "value" : "30"
},{
  "dateTime" : "12/18/18 08:57:00",
  "value" : "30"
},{
  "dateTime" : "12/18/18 12:11:00",
  "value" : "10"
},{
  "dateTime" : "12/18/18 12:14:00",
  "value" : "10"
},{
  "dateTime" : "12/18/18 12:15:00",
  "value" : "10"
},{
  "dateTime" : "12/18/18 13:29:00",
  "value" : "10"
},{
  "dateTime" : "12/18/18 13:31:00",
  "value" : "10"
},{
  "dateTime" : "12/18/18 13:45:00",
  "value" : "10"
},{
  "dateTime" : "12/18/18 13:46:00",
  "value" : "20"
},{
  "dateTime" : "12/18/18 13:47:00",
  "value" : "40"
},{
  "dateTime" : "12/18/18 15:36:00",
  "value" : "10"
},{
  "dateTime" : "12/18/18 15:38:00",
  "value" : "20"
},{
  "dateTime" : "12/18/18 15:39:00",
  "value" : "20"
},{
  "dateTime" : "12/18/18 21:10:00",
  "value" : "10"
},{
  "dateTime" : "12/18/18 21:11:00",
  "value" : "30"
},{
  "dateTime" : "12/18/18 22:00:00",
  "value" : "10"
},{
  "dateTime" : "12/18/18 22:08:00",
  "value" : "10"
},{
  "dateTime" : "12/18/18 22:09:00",
  "value" : "20"
},{
  "dateTime" : "12/18/18 22:10:00",
  "value" : "20"
},{
  "dateTime" : "12/19/18 11:59:00",
  "value" : "10"
},{
  "dateTime" : "12/19/18 12:00:00",
  "value" : "10"
},{
  "dateTime" : "12/19/18 12:01:00",
  "value" : "10"
},{
  "dateTime" : "12/19/18 13:38:00",
  "value" : "10"
},{
  "dateTime" : "12/19/18 13:39:00",
  "value" : "10"
},{
  "dateTime" : "12/19/18 18:17:00",
  "value" : "10"
},{
  "dateTime" : "12/19/18 18:18:00",
  "value" : "20"
},{
  "dateTime" : "12/19/18 21:15:00",
  "value" : "10"
},{
  "dateTime" : "12/19/18 21:16:00",
  "value" : "10"
},{
  "dateTime" : "12/19/18 21:17:00",
  "value" : "40"
},{
  "dateTime" : "12/20/18 10:33:00",
  "value" : "10"
},{
  "dateTime" : "12/20/18 10:34:00",
  "value" : "40"
},{
  "dateTime" : "12/20/18 22:02:00",
  "value" : "10"
},{
  "dateTime" : "12/20/18 22:03:00",
  "value" : "10"
},{
  "dateTime" : "12/20/18 22:04:00",
  "value" : "40"
},{
  "dateTime" : "12/20/18 22:41:00",
  "value" : "10"
},{
  "dateTime" : "12/21/18 09:59:00",
  "value" : "10"
},{
  "dateTime" : "12/21/18 10:00:00",
  "value" : "10"
},{
  "dateTime" : "12/21/18 10:01:00",
  "value" : "30"
},{
  "dateTime" : "12/21/18 11:27:00",
  "value" : "10"
},{
  "dateTime" : "12/21/18 11:28:00",
  "value" : "10"
},{
  "dateTime" : "12/21/18 11:45:00",
  "value" : "10"
},{
  "dateTime" : "12/21/18 11:46:00",
  "value" : "20"
},{
  "dateTime" : "12/21/18 11:48:00",
  "value" : "10"
},{
  "dateTime" : "12/21/18 11:52:00",
  "value" : "10"
},{
  "dateTime" : "12/21/18 11:55:00",
  "value" : "30"
},{
  "dateTime" : "12/21/18 11:56:00",
  "value" : "20"
},{
  "dateTime" : "12/21/18 12:52:00",
  "value" : "10"
},{
  "dateTime" : "12/21/18 12:54:00",
  "value" : "10"
},{
  "dateTime" : "12/21/18 14:06:00",
  "value" : "20"
},{
  "dateTime" : "12/21/18 16:36:00",
  "value" : "10"
},{
  "dateTime" : "12/21/18 18:22:00",
  "value" : "20"
},{
  "dateTime" : "12/21/18 18:24:00",
  "value" : "10"
},{
  "dateTime" : "12/21/18 18:26:00",
  "value" : "10"
},{
  "dateTime" : "12/21/18 18:27:00",
  "value" : "10"
},{
  "dateTime" : "12/21/18 18:28:00",
  "value" : "20"
},{
  "dateTime" : "12/21/18 18:29:00",
  "value" : "10"
},{
  "dateTime" : "12/21/18 18:31:00",
  "value" : "20"
},{
  "dateTime" : "12/21/18 19:39:00",
  "value" : "10"
},{
  "dateTime" : "12/21/18 20:16:00",
  "value" : "10"
},{
  "dateTime" : "12/22/18 08:18:00",
  "value" : "20"
},{
  "dateTime" : "12/22/18 08:20:00",
  "value" : "10"
},{
  "dateTime" : "12/22/18 08:25:00",
  "value" : "10"
},{
  "dateTime" : "12/22/18 08:26:00",
  "value" : "40"
},{
  "dateTime" : "12/22/18 10:29:00",
  "value" : "10"
},{
  "dateTime" : "12/22/18 12:10:00",
  "value" : "10"
},{
  "dateTime" : "12/22/18 12:11:00",
  "value" : "20"
},{
  "dateTime" : "12/22/18 12:14:00",
  "value" : "10"
},{
  "dateTime" : "12/22/18 12:17:00",
  "value" : "10"
},{
  "dateTime" : "12/22/18 12:19:00",
  "value" : "10"
},{
  "dateTime" : "12/22/18 13:34:00",
  "value" : "30"
},{
  "dateTime" : "12/22/18 13:35:00",
  "value" : "10"
},{
  "dateTime" : "12/22/18 13:36:00",
  "value" : "10"
},{
  "dateTime" : "12/22/18 13:37:00",
  "value" : "10"
},{
  "dateTime" : "12/22/18 13:52:00",
  "value" : "10"
},{
  "dateTime" : "12/22/18 16:13:00",
  "value" : "10"
},{
  "dateTime" : "12/22/18 16:30:00",
  "value" : "10"
},{
  "dateTime" : "12/22/18 18:03:00",
  "value" : "20"
},{
  "dateTime" : "12/22/18 18:04:00",
  "value" : "10"
},{
  "dateTime" : "12/22/18 18:11:00",
  "value" : "10"
},{
  "dateTime" : "12/22/18 19:19:00",
  "value" : "20"
},{
  "dateTime" : "12/22/18 20:14:00",
  "value" : "20"
},{
  "dateTime" : "12/22/18 20:21:00",
  "value" : "30"
},{
  "dateTime" : "12/22/18 20:31:00",
  "value" : "20"
},{
  "dateTime" : "12/22/18 21:33:00",
  "value" : "10"
},{
  "dateTime" : "12/22/18 21:47:00",
  "value" : "20"
},{
  "dateTime" : "12/22/18 21:52:00",
  "value" : "20"
},{
  "dateTime" : "12/22/18 22:19:00",
  "value" : "10"
},{
  "dateTime" : "12/23/18 08:31:00",
  "value" : "10"
},{
  "dateTime" : "12/23/18 08:37:00",
  "value" : "30"
},{
  "dateTime" : "12/23/18 09:22:00",
  "value" : "10"
},{
  "dateTime" : "12/23/18 09:25:00",
  "value" : "10"
},{
  "dateTime" : "12/23/18 09:26:00",
  "value" : "10"
},{
  "dateTime" : "12/23/18 09:27:00",
  "value" : "10"
},{
  "dateTime" : "12/23/18 09:28:00",
  "value" : "10"
},{
  "dateTime" : "12/23/18 09:33:00",
  "value" : "10"
},{
  "dateTime" : "12/23/18 09:34:00",
  "value" : "40"
},{
  "dateTime" : "12/23/18 09:38:00",
  "value" : "30"
},{
  "dateTime" : "12/23/18 10:49:00",
  "value" : "20"
},{
  "dateTime" : "12/23/18 11:36:00",
  "value" : "10"
},{
  "dateTime" : "12/23/18 11:37:00",
  "value" : "20"
},{
  "dateTime" : "12/23/18 11:39:00",
  "value" : "10"
},{
  "dateTime" : "12/23/18 11:41:00",
  "value" : "20"
},{
  "dateTime" : "12/23/18 11:42:00",
  "value" : "20"
},{
  "dateTime" : "12/23/18 11:43:00",
  "value" : "10"
},{
  "dateTime" : "12/23/18 11:44:00",
  "value" : "10"
},{
  "dateTime" : "12/23/18 11:45:00",
  "value" : "10"
},{
  "dateTime" : "12/23/18 11:46:00",
  "value" : "10"
},{
  "dateTime" : "12/23/18 13:45:00",
  "value" : "10"
},{
  "dateTime" : "12/23/18 18:00:00",
  "value" : "10"
},{
  "dateTime" : "12/23/18 18:01:00",
  "value" : "10"
},{
  "dateTime" : "12/23/18 18:32:00",
  "value" : "10"
},{
  "dateTime" : "12/24/18 06:45:00",
  "value" : "10"
},{
  "dateTime" : "12/24/18 06:47:00",
  "value" : "20"
},{
  "dateTime" : "12/24/18 06:56:00",
  "value" : "30"
},{
  "dateTime" : "12/24/18 06:57:00",
  "value" : "10"
},{
  "dateTime" : "12/24/18 12:41:00",
  "value" : "20"
},{
  "dateTime" : "12/24/18 12:42:00",
  "value" : "30"
},{
  "dateTime" : "12/24/18 13:28:00",
  "value" : "10"
},{
  "dateTime" : "12/24/18 13:41:00",
  "value" : "20"
},{
  "dateTime" : "12/24/18 13:43:00",
  "value" : "10"
},{
  "dateTime" : "12/24/18 18:18:00",
  "value" : "10"
},{
  "dateTime" : "12/24/18 18:19:00",
  "value" : "10"
},{
  "dateTime" : "12/24/18 18:20:00",
  "value" : "20"
},{
  "dateTime" : "12/24/18 18:56:00",
  "value" : "10"
},{
  "dateTime" : "12/24/18 20:41:00",
  "value" : "10"
},{
  "dateTime" : "12/24/18 20:43:00",
  "value" : "10"
},{
  "dateTime" : "12/24/18 20:44:00",
  "value" : "30"
},{
  "dateTime" : "12/25/18 11:13:00",
  "value" : "10"
},{
  "dateTime" : "12/25/18 11:14:00",
  "value" : "10"
},{
  "dateTime" : "12/25/18 11:35:00",
  "value" : "20"
},{
  "dateTime" : "12/25/18 12:43:00",
  "value" : "20"
},{
  "dateTime" : "12/25/18 12:44:00",
  "value" : "10"
},{
  "dateTime" : "12/25/18 12:45:00",
  "value" : "20"
},{
  "dateTime" : "12/25/18 13:11:00",
  "value" : "10"
},{
  "dateTime" : "12/25/18 13:51:00",
  "value" : "20"
},{
  "dateTime" : "12/25/18 13:52:00",
  "value" : "40"
},{
  "dateTime" : "12/25/18 13:53:00",
  "value" : "10"
},{
  "dateTime" : "12/25/18 16:43:00",
  "value" : "10"
},{
  "dateTime" : "12/25/18 16:48:00",
  "value" : "10"
},{
  "dateTime" : "12/25/18 16:49:00",
  "value" : "30"
},{
  "dateTime" : "12/25/18 17:26:00",
  "value" : "10"
},{
  "dateTime" : "12/25/18 20:19:00",
  "value" : "20"
},{
  "dateTime" : "12/25/18 20:21:00",
  "value" : "10"
},{
  "dateTime" : "12/25/18 20:24:00",
  "value" : "20"
},{
  "dateTime" : "12/25/18 20:25:00",
  "value" : "20"
},{
  "dateTime" : "12/26/18 08:48:00",
  "value" : "10"
},{
  "dateTime" : "12/26/18 09:03:00",
  "value" : "10"
},{
  "dateTime" : "12/26/18 13:00:00",
  "value" : "10"
},{
  "dateTime" : "12/26/18 13:01:00",
  "value" : "20"
},{
  "dateTime" : "12/26/18 13:20:00",
  "value" : "40"
},{
  "dateTime" : "12/26/18 13:21:00",
  "value" : "10"
},{
  "dateTime" : "12/26/18 13:30:00",
  "value" : "10"
},{
  "dateTime" : "12/26/18 16:50:00",
  "value" : "10"
},{
  "dateTime" : "12/26/18 16:54:00",
  "value" : "10"
},{
  "dateTime" : "12/26/18 18:04:00",
  "value" : "20"
},{
  "dateTime" : "12/26/18 19:08:00",
  "value" : "10"
},{
  "dateTime" : "12/26/18 19:16:00",
  "value" : "10"
},{
  "dateTime" : "12/26/18 19:17:00",
  "value" : "10"
},{
  "dateTime" : "12/26/18 21:26:00",
  "value" : "10"
},{
  "dateTime" : "12/26/18 21:28:00",
  "value" : "20"
},{
  "dateTime" : "12/26/18 21:29:00",
  "value" : "20"
},{
  "dateTime" : "12/27/18 14:39:00",
  "value" : "10"
},{
  "dateTime" : "12/27/18 14:50:00",
  "value" : "10"
},{
  "dateTime" : "12/27/18 16:11:00",
  "value" : "10"
},{
  "dateTime" : "12/28/18 11:10:00",
  "value" : "30"
},{
  "dateTime" : "12/28/18 11:15:00",
  "value" : "10"
},{
  "dateTime" : "12/28/18 11:16:00",
  "value" : "20"
},{
  "dateTime" : "12/28/18 11:42:00",
  "value" : "10"
},{
  "dateTime" : "12/28/18 11:43:00",
  "value" : "10"
},{
  "dateTime" : "12/28/18 12:38:00",
  "value" : "10"
},{
  "dateTime" : "12/28/18 14:24:00",
  "value" : "20"
},{
  "dateTime" : "12/28/18 14:25:00",
  "value" : "10"
},{
  "dateTime" : "12/28/18 16:36:00",
  "value" : "10"
},{
  "dateTime" : "12/28/18 16:37:00",
  "value" : "10"
},{
  "dateTime" : "12/28/18 16:41:00",
  "value" : "10"
},{
  "dateTime" : "12/28/18 16:52:00",
  "value" : "20"
},{
  "dateTime" : "12/28/18 16:53:00",
  "value" : "10"
},{
  "dateTime" : "12/28/18 16:54:00",
  "value" : "10"
},{
  "dateTime" : "12/28/18 17:01:00",
  "value" : "30"
},{
  "dateTime" : "12/28/18 17:02:00",
  "value" : "10"
},{
  "dateTime" : "12/29/18 13:29:00",
  "value" : "10"
},{
  "dateTime" : "12/29/18 14:30:00",
  "value" : "10"
},{
  "dateTime" : "12/29/18 15:46:00",
  "value" : "10"
},{
  "dateTime" : "12/29/18 16:55:00",
  "value" : "10"
},{
  "dateTime" : "12/29/18 16:58:00",
  "value" : "10"
},{
  "dateTime" : "12/29/18 16:59:00",
  "value" : "10"
},{
  "dateTime" : "12/29/18 17:00:00",
  "value" : "10"
},{
  "dateTime" : "12/29/18 18:30:00",
  "value" : "20"
},{
  "dateTime" : "12/29/18 18:51:00",
  "value" : "10"
},{
  "dateTime" : "12/29/18 20:53:00",
  "value" : "10"
},{
  "dateTime" : "12/29/18 20:54:00",
  "value" : "20"
},{
  "dateTime" : "12/29/18 20:55:00",
  "value" : "40"
},{
  "dateTime" : "12/29/18 21:15:00",
  "value" : "10"
},{
  "dateTime" : "12/29/18 23:45:00",
  "value" : "10"
},{
  "dateTime" : "12/30/18 08:44:00",
  "value" : "10"
},{
  "dateTime" : "12/30/18 08:54:00",
  "value" : "20"
},{
  "dateTime" : "12/30/18 09:05:00",
  "value" : "10"
},{
  "dateTime" : "12/30/18 09:15:00",
  "value" : "20"
},{
  "dateTime" : "12/30/18 09:17:00",
  "value" : "10"
},{
  "dateTime" : "12/30/18 12:27:00",
  "value" : "20"
},{
  "dateTime" : "12/30/18 12:28:00",
  "value" : "10"
},{
  "dateTime" : "12/30/18 12:42:00",
  "value" : "10"
},{
  "dateTime" : "12/30/18 12:43:00",
  "value" : "10"
},{
  "dateTime" : "12/30/18 12:46:00",
  "value" : "20"
},{
  "dateTime" : "12/30/18 14:14:00",
  "value" : "10"
},{
  "dateTime" : "12/30/18 14:18:00",
  "value" : "10"
},{
  "dateTime" : "12/30/18 22:13:00",
  "value" : "10"
},{
  "dateTime" : "12/30/18 22:14:00",
  "value" : "50"
},{
  "dateTime" : "12/31/18 11:55:00",
  "value" : "10"
},{
  "dateTime" : "12/31/18 11:56:00",
  "value" : "30"
},{
  "dateTime" : "12/31/18 13:16:00",
  "value" : "10"
},{
  "dateTime" : "12/31/18 14:29:00",
  "value" : "10"
},{
  "dateTime" : "12/31/18 14:56:00",
  "value" : "10"
},{
  "dateTime" : "12/31/18 14:59:00",
  "value" : "10"
},{
  "dateTime" : "12/31/18 19:52:00",
  "value" : "10"
},{
  "dateTime" : "12/31/18 20:33:00",
  "value" : "10"
},{
  "dateTime" : "12/31/18 20:34:00",
  "value" : "40"
},{
  "dateTime" : "12/31/18 23:58:00",
  "value" : "10"
},{
  "dateTime" : "01/01/19 11:35:00",
  "value" : "10"
},{
  "dateTime" : "01/01/19 11:36:00",
  "value" : "10"
},{
  "dateTime" : "01/01/19 11:54:00",
  "value" : "10"
},{
  "dateTime" : "01/01/19 11:55:00",
  "value" : "10"
},{
  "dateTime" : "01/01/19 11:56:00",
  "value" : "10"
},{
  "dateTime" : "01/01/19 17:59:00",
  "value" : "10"
},{
  "dateTime" : "01/01/19 18:00:00",
  "value" : "10"
},{
  "dateTime" : "01/01/19 21:30:00",
  "value" : "10"
},{
  "dateTime" : "01/01/19 21:35:00",
  "value" : "20"
},{
  "dateTime" : "01/01/19 23:32:00",
  "value" : "20"
},{
  "dateTime" : "01/01/19 23:34:00",
  "value" : "40"
},{
  "dateTime" : "01/01/19 23:35:00",
  "value" : "10"
},{
  "dateTime" : "01/02/19 12:28:00",
  "value" : "10"
},{
  "dateTime" : "01/02/19 14:49:00",
  "value" : "10"
},{
  "dateTime" : "01/02/19 14:57:00",
  "value" : "10"
},{
  "dateTime" : "01/02/19 14:58:00",
  "value" : "10"
},{
  "dateTime" : "01/02/19 18:33:00",
  "value" : "20"
},{
  "dateTime" : "01/02/19 18:36:00",
  "value" : "20"
},{
  "dateTime" : "01/02/19 21:39:00",
  "value" : "10"
},{
  "dateTime" : "01/02/19 21:41:00",
  "value" : "30"
},{
  "dateTime" : "01/02/19 21:42:00",
  "value" : "10"
}]