[{
  "encodedId" : "228TLX",
  "badgeType" : "DAILY_STEPS",
  "value" : 25000,
  "timesAchieved" : 1,
  "dateTime" : "2018-11-23",
  "name" : "经典鞋 (每天 25,000 步)",
  "shortName" : "经典鞋",
  "earnedMessage" : "恭喜您取得第一个经典鞋勋章！",
  "description" : "每天 25,000 步",
  "category" : "每日步数",
  "shareText" : "我走了25,000步，并获得了经典鞋勋章！#Fitbit"
},{
  "encodedId" : "228TPP",
  "badgeType" : "DAILY_STEPS",
  "value" : 20000,
  "timesAchieved" : 2,
  "dateTime" : "2018-11-25",
  "name" : "高帮鞋 (每天 20,000 步)",
  "shortName" : "高帮鞋",
  "earnedMessage" : "恭喜您取得第一个高帮鞋勋章！",
  "description" : "每天 20,000 步",
  "category" : "每日步数",
  "shareText" : "我走了20,000步，并获得了高帮鞋勋章！#Fitbit"
},{
  "encodedId" : "228TMK",
  "badgeType" : "DAILY_STEPS",
  "value" : 15000,
  "timesAchieved" : 13,
  "dateTime" : "2019-02-28",
  "name" : "都市靴 (每天 15,000 步)",
  "shortName" : "都市靴",
  "earnedMessage" : "恭喜您取得第一个都市靴勋章！",
  "description" : "每天 15,000 步",
  "category" : "每日步数",
  "shareText" : "我走了15,000步，并获得了都市靴勋章！#Fitbit"
},{
  "encodedId" : "228TQB",
  "badgeType" : "DAILY_STEPS",
  "value" : 10000,
  "timesAchieved" : 52,
  "dateTime" : "2019-03-01",
  "name" : "运动鞋 (每天 10,000 步)",
  "shortName" : "运动鞋",
  "earnedMessage" : "恭喜您取得第一个运动鞋勋章！",
  "description" : "每天 10,000 步",
  "category" : "每日步数",
  "shareText" : "我走了10,000步，并获得了运动鞋勋章！#Fitbit"
},{
  "encodedId" : "228TQ4",
  "badgeType" : "DAILY_STEPS",
  "value" : 5000,
  "timesAchieved" : 136,
  "dateTime" : "2019-03-01",
  "name" : "帆船鞋 (每天 5,000 步)",
  "shortName" : "帆船鞋",
  "earnedMessage" : "恭喜您取得第一个帆船鞋勋章！",
  "description" : "每天 5,000 步",
  "category" : "每日步数",
  "shareText" : "我走了5,000步，并获得了帆船鞋勋章！#Fitbit"
},{
  "encodedId" : "229844",
  "badgeType" : "DAILY_FLOORS",
  "value" : 125,
  "timesAchieved" : 1,
  "dateTime" : "2018-11-23",
  "name" : "过山车 (每天 125 层楼)",
  "shortName" : "过山车",
  "earnedMessage" : "恭喜您取得第一个过山车勋章！",
  "description" : "每天 125 层楼",
  "category" : "每日攀爬层数",
  "shareText" : "我攀爬了125级台阶，并获得了过山车勋章！#Fitbit"
},{
  "encodedId" : "228TSL",
  "badgeType" : "DAILY_FLOORS",
  "value" : 100,
  "timesAchieved" : 1,
  "dateTime" : "2018-11-23",
  "name" : "摩天大楼 (每天 100 层楼)",
  "shortName" : "摩天大楼",
  "earnedMessage" : "恭喜您取得第一个摩天大楼勋章！",
  "description" : "每天 100 层楼",
  "category" : "每日攀爬层数",
  "shareText" : "我攀爬了100级台阶，并获得了摩天大楼勋章！#Fitbit"
},{
  "encodedId" : "229843",
  "badgeType" : "DAILY_FLOORS",
  "value" : 75,
  "timesAchieved" : 1,
  "dateTime" : "2018-11-23",
  "name" : "摩天轮 (每天 75 层楼)",
  "shortName" : "摩天轮",
  "earnedMessage" : "恭喜您取得第一个摩天轮勋章！",
  "description" : "每天 75 层楼",
  "category" : "每日攀爬层数",
  "shareText" : "我攀爬了75级台阶，并获得了摩天轮勋章！#Fitbit"
},{
  "encodedId" : "228TT7",
  "badgeType" : "DAILY_FLOORS",
  "value" : 50,
  "timesAchieved" : 1,
  "dateTime" : "2018-11-23",
  "name" : "灯塔 (每天 50 层楼)",
  "shortName" : "灯塔",
  "earnedMessage" : "恭喜您取得第一个灯塔勋章！",
  "description" : "每天 50 层楼",
  "category" : "每日攀爬层数",
  "shareText" : "我攀爬了50级台阶，并获得了灯塔勋章！#Fitbit"
},{
  "encodedId" : "228TSZ",
  "badgeType" : "DAILY_FLOORS",
  "value" : 25,
  "timesAchieved" : 40,
  "dateTime" : "2019-03-01",
  "name" : "红杉林 (每天 25 层楼)",
  "shortName" : "红杉林",
  "earnedMessage" : "恭喜您取得第一个红杉林勋章！",
  "description" : "每天 25 层楼",
  "category" : "每日攀爬层数",
  "shareText" : "我攀爬了25级台阶，并获得了红杉林勋章！#Fitbit"
},{
  "encodedId" : "228TTM",
  "badgeType" : "DAILY_FLOORS",
  "value" : 10,
  "timesAchieved" : 133,
  "dateTime" : "2019-03-01",
  "name" : "快乐山丘 (每天 10 层楼)",
  "shortName" : "快乐山丘",
  "earnedMessage" : "恭喜您取得第一个快乐山丘勋章！",
  "description" : "每天 10 层楼",
  "category" : "每日攀爬层数",
  "shareText" : "我攀爬了10级台阶，并获得了快乐山丘勋章！#Fitbit"
},{
  "encodedId" : "22B8LS",
  "badgeType" : "LIFETIME_DISTANCE",
  "value" : 804,
  "unit" : "KILOMETERS",
  "timesAchieved" : 1,
  "dateTime" : "2019-01-22",
  "name" : "塞伦盖蒂 (总共 804 公里)",
  "shortName" : "塞伦盖蒂",
  "earnedMessage" : "哇噢！您赢得了 塞伦盖蒂 勋章！",
  "description" : "总共 804 公里",
  "category" : "总距离",
  "shareText" : "我戴着 #Fitbit 走完 804 公里，并获得了塞伦盖蒂勋章。"
},{
  "encodedId" : "22B8LW",
  "badgeType" : "LIFETIME_DISTANCE",
  "value" : 563,
  "unit" : "KILOMETERS",
  "timesAchieved" : 1,
  "dateTime" : "2018-12-17",
  "name" : "夏威夷 (总共 563 公里)",
  "shortName" : "夏威夷",
  "earnedMessage" : "哇噢！您赢得了 夏威夷 勋章！",
  "description" : "总共 563 公里",
  "category" : "总距离",
  "shareText" : "我戴着 #Fitbit 走完 563 公里，并获得了夏威夷勋章。"
},{
  "encodedId" : "22B8LV",
  "badgeType" : "LIFETIME_DISTANCE",
  "value" : 402,
  "unit" : "KILOMETERS",
  "timesAchieved" : 1,
  "dateTime" : "2018-11-21",
  "name" : "伦敦地铁 (总共 402 公里)",
  "shortName" : "伦敦地铁",
  "earnedMessage" : "哇噢！您赢得了 伦敦地铁 勋章！",
  "description" : "总共 402 公里",
  "category" : "总距离",
  "shareText" : "我戴着 #Fitbit 走完 402 公里，并获得了伦敦地铁勋章。"
},{
  "encodedId" : "22B8LP",
  "badgeType" : "LIFETIME_DISTANCE",
  "value" : 112,
  "unit" : "KILOMETERS",
  "timesAchieved" : 1,
  "dateTime" : "2018-10-17",
  "name" : "企鹅长征 (总共 112 公里)",
  "shortName" : "企鹅长征",
  "earnedMessage" : "哇噢！您赢得了 企鹅长征 勋章！",
  "description" : "总共 112 公里",
  "category" : "总距离",
  "shareText" : "我戴着 #Fitbit 走完 112 公里，并获得了企鹅长征勋章。"
},{
  "encodedId" : "22B8LN",
  "badgeType" : "LIFETIME_DISTANCE",
  "value" : 42,
  "unit" : "KILOMETERS",
  "timesAchieved" : 1,
  "dateTime" : "2018-10-07",
  "name" : "马拉松 (总共 42 公里)",
  "shortName" : "马拉松",
  "earnedMessage" : "哇噢！您赢得了 马拉松 勋章！",
  "description" : "总共 42 公里",
  "category" : "总距离",
  "shareText" : "我戴着 #Fitbit 走完 42 公里，并获得了马拉松勋章。"
},{
  "encodedId" : "228T9T",
  "badgeType" : "LIFETIME_FLOORS",
  "value" : 2000,
  "timesAchieved" : 1,
  "dateTime" : "2018-12-28",
  "name" : "热气球 (总共 2,000 层楼)",
  "shortName" : "热气球",
  "earnedMessage" : "好棒！您赢得了 热气球 勋章！",
  "description" : "总共 2,000 层楼",
  "category" : "总攀爬层数",
  "shareText" : "我戴着 #Fitbit 攀爬了2,000层楼，并获得了热气球勋章。"
},{
  "encodedId" : "228T9C",
  "badgeType" : "LIFETIME_FLOORS",
  "value" : 1000,
  "timesAchieved" : 1,
  "dateTime" : "2018-11-14",
  "name" : "跳伞 (总共 1,000 层楼)",
  "shortName" : "跳伞",
  "earnedMessage" : "好棒！您赢得了 跳伞 勋章！",
  "description" : "总共 1,000 层楼",
  "category" : "总攀爬层数",
  "shareText" : "我戴着 #Fitbit 攀爬了1,000层楼，并获得了跳伞勋章。"
},{
  "encodedId" : "228TB8",
  "badgeType" : "LIFETIME_FLOORS",
  "value" : 500,
  "timesAchieved" : 1,
  "dateTime" : "2018-10-26",
  "name" : "直升机 (总共 500 层楼)",
  "shortName" : "直升机",
  "earnedMessage" : "好棒！您赢得了 直升机 勋章！",
  "description" : "总共 500 层楼",
  "category" : "总攀爬层数",
  "shareText" : "我戴着 #Fitbit 攀爬了500层楼，并获得了直升机勋章。"
}]