[{
  "dateTime" : "03/03/19 17:44:00",
  "value" : "0"
},{
  "dateTime" : "03/03/19 18:25:00",
  "value" : "0"
},{
  "dateTime" : "03/03/19 19:05:00",
  "value" : "0"
},{
  "dateTime" : "03/03/19 19:42:00",
  "value" : "0"
},{
  "dateTime" : "03/03/19 20:01:00",
  "value" : "0"
},{
  "dateTime" : "03/03/19 20:17:00",
  "value" : "0"
},{
  "dateTime" : "03/03/19 20:41:00",
  "value" : "0"
},{
  "dateTime" : "03/03/19 20:46:00",
  "value" : "0"
},{
  "dateTime" : "03/03/19 21:09:00",
  "value" : "0"
},{
  "dateTime" : "03/03/19 21:18:00",
  "value" : "0"
},{
  "dateTime" : "03/03/19 21:57:00",
  "value" : "0"
},{
  "dateTime" : "03/03/19 21:59:00",
  "value" : "0"
},{
  "dateTime" : "03/03/19 22:45:00",
  "value" : "0"
},{
  "dateTime" : "03/03/19 22:52:00",
  "value" : "0"
},{
  "dateTime" : "03/03/19 22:53:00",
  "value" : "0"
},{
  "dateTime" : "03/03/19 22:58:00",
  "value" : "0"
},{
  "dateTime" : "03/03/19 23:12:00",
  "value" : "0"
},{
  "dateTime" : "03/03/19 23:14:00",
  "value" : "0"
},{
  "dateTime" : "03/03/19 23:23:00",
  "value" : "0"
},{
  "dateTime" : "03/03/19 23:43:00",
  "value" : "890"
},{
  "dateTime" : "03/03/19 23:44:00",
  "value" : "0"
},{
  "dateTime" : "03/03/19 23:45:00",
  "value" : "0"
},{
  "dateTime" : "03/03/19 23:47:00",
  "value" : "0"
},{
  "dateTime" : "03/03/19 23:49:00",
  "value" : "0"
},{
  "dateTime" : "03/03/19 23:52:00",
  "value" : "0"
},{
  "dateTime" : "03/03/19 23:54:00",
  "value" : "0"
},{
  "dateTime" : "03/03/19 23:56:00",
  "value" : "0"
},{
  "dateTime" : "03/03/19 23:57:00",
  "value" : "0"
},{
  "dateTime" : "03/03/19 23:58:00",
  "value" : "0"
},{
  "dateTime" : "03/03/19 23:59:00",
  "value" : "0"
},{
  "dateTime" : "03/04/19 00:05:00",
  "value" : "0"
},{
  "dateTime" : "03/04/19 00:06:00",
  "value" : "0"
},{
  "dateTime" : "03/04/19 00:07:00",
  "value" : "0"
},{
  "dateTime" : "03/04/19 00:08:00",
  "value" : "0"
},{
  "dateTime" : "03/04/19 00:11:00",
  "value" : "1630"
},{
  "dateTime" : "03/04/19 00:12:00",
  "value" : "0"
},{
  "dateTime" : "03/04/19 00:13:00",
  "value" : "0"
},{
  "dateTime" : "03/04/19 00:17:00",
  "value" : "0"
},{
  "dateTime" : "03/04/19 00:20:00",
  "value" : "1180"
},{
  "dateTime" : "03/04/19 00:21:00",
  "value" : "740"
},{
  "dateTime" : "03/04/19 00:22:00",
  "value" : "0"
},{
  "dateTime" : "03/04/19 00:25:00",
  "value" : "0"
},{
  "dateTime" : "03/04/19 00:26:00",
  "value" : "0"
},{
  "dateTime" : "03/04/19 00:27:00",
  "value" : "0"
},{
  "dateTime" : "03/04/19 00:28:00",
  "value" : "0"
},{
  "dateTime" : "03/04/19 00:29:00",
  "value" : "0"
},{
  "dateTime" : "03/04/19 00:30:00",
  "value" : "0"
},{
  "dateTime" : "03/04/19 00:31:00",
  "value" : "0"
},{
  "dateTime" : "03/04/19 00:32:00",
  "value" : "0"
},{
  "dateTime" : "03/04/19 00:33:00",
  "value" : "0"
},{
  "dateTime" : "03/04/19 00:34:00",
  "value" : "0"
},{
  "dateTime" : "03/04/19 00:36:00",
  "value" : "0"
},{
  "dateTime" : "03/04/19 00:37:00",
  "value" : "0"
},{
  "dateTime" : "03/04/19 00:38:00",
  "value" : "0"
},{
  "dateTime" : "03/04/19 00:39:00",
  "value" : "0"
},{
  "dateTime" : "03/04/19 00:40:00",
  "value" : "1040"
},{
  "dateTime" : "03/04/19 00:41:00",
  "value" : "0"
},{
  "dateTime" : "03/04/19 00:42:00",
  "value" : "0"
},{
  "dateTime" : "03/04/19 00:43:00",
  "value" : "0"
},{
  "dateTime" : "03/04/19 00:44:00",
  "value" : "590"
},{
  "dateTime" : "03/04/19 00:45:00",
  "value" : "2740"
},{
  "dateTime" : "03/04/19 00:46:00",
  "value" : "2000"
},{
  "dateTime" : "03/04/19 00:47:00",
  "value" : "1480"
},{
  "dateTime" : "03/04/19 00:48:00",
  "value" : "1260"
},{
  "dateTime" : "03/04/19 00:49:00",
  "value" : "4380"
},{
  "dateTime" : "03/04/19 00:50:00",
  "value" : "0"
},{
  "dateTime" : "03/04/19 00:51:00",
  "value" : "4970"
},{
  "dateTime" : "03/04/19 00:52:00",
  "value" : "890"
},{
  "dateTime" : "03/04/19 00:53:00",
  "value" : "0"
},{
  "dateTime" : "03/04/19 00:54:00",
  "value" : "0"
},{
  "dateTime" : "03/04/19 00:55:00",
  "value" : "0"
},{
  "dateTime" : "03/04/19 00:56:00",
  "value" : "0"
},{
  "dateTime" : "03/04/19 00:57:00",
  "value" : "0"
},{
  "dateTime" : "03/04/19 00:58:00",
  "value" : "0"
},{
  "dateTime" : "03/04/19 00:59:00",
  "value" : "0"
},{
  "dateTime" : "03/04/19 01:00:00",
  "value" : "0"
},{
  "dateTime" : "03/04/19 01:01:00",
  "value" : "290"
},{
  "dateTime" : "03/04/19 01:02:00",
  "value" : "0"
},{
  "dateTime" : "03/04/19 01:03:00",
  "value" : "660"
},{
  "dateTime" : "03/04/19 01:04:00",
  "value" : "2740"
},{
  "dateTime" : "03/04/19 01:05:00",
  "value" : "2740"
},{
  "dateTime" : "03/04/19 01:06:00",
  "value" : "3490"
},{
  "dateTime" : "03/04/19 01:07:00",
  "value" : "1180"
},{
  "dateTime" : "03/04/19 01:08:00",
  "value" : "0"
},{
  "dateTime" : "03/04/19 01:09:00",
  "value" : "0"
},{
  "dateTime" : "03/04/19 01:10:00",
  "value" : "0"
},{
  "dateTime" : "03/04/19 01:11:00",
  "value" : "0"
},{
  "dateTime" : "03/04/19 01:12:00",
  "value" : "0"
},{
  "dateTime" : "03/04/19 01:13:00",
  "value" : "0"
},{
  "dateTime" : "03/04/19 01:14:00",
  "value" : "740"
},{
  "dateTime" : "03/04/19 01:15:00",
  "value" : "890"
},{
  "dateTime" : "03/04/19 01:18:00",
  "value" : "0"
},{
  "dateTime" : "03/04/19 01:20:00",
  "value" : "0"
},{
  "dateTime" : "03/04/19 01:21:00",
  "value" : "0"
},{
  "dateTime" : "03/04/19 01:22:00",
  "value" : "0"
},{
  "dateTime" : "03/04/19 01:23:00",
  "value" : "0"
},{
  "dateTime" : "03/04/19 01:24:00",
  "value" : "0"
},{
  "dateTime" : "03/04/19 01:25:00",
  "value" : "0"
},{
  "dateTime" : "03/04/19 01:26:00",
  "value" : "0"
},{
  "dateTime" : "03/04/19 01:27:00",
  "value" : "0"
},{
  "dateTime" : "03/04/19 01:28:00",
  "value" : "0"
},{
  "dateTime" : "03/04/19 01:30:00",
  "value" : "0"
},{
  "dateTime" : "03/04/19 01:31:00",
  "value" : "0"
},{
  "dateTime" : "03/04/19 01:32:00",
  "value" : "0"
},{
  "dateTime" : "03/04/19 01:33:00",
  "value" : "0"
},{
  "dateTime" : "03/04/19 01:34:00",
  "value" : "0"
},{
  "dateTime" : "03/04/19 01:35:00",
  "value" : "0"
},{
  "dateTime" : "03/04/19 01:37:00",
  "value" : "0"
},{
  "dateTime" : "03/04/19 01:39:00",
  "value" : "0"
},{
  "dateTime" : "03/04/19 01:40:00",
  "value" : "0"
},{
  "dateTime" : "03/04/19 01:41:00",
  "value" : "0"
},{
  "dateTime" : "03/04/19 01:42:00",
  "value" : "0"
},{
  "dateTime" : "03/04/19 01:43:00",
  "value" : "0"
},{
  "dateTime" : "03/04/19 01:45:00",
  "value" : "0"
},{
  "dateTime" : "03/04/19 01:46:00",
  "value" : "0"
},{
  "dateTime" : "03/04/19 01:47:00",
  "value" : "0"
},{
  "dateTime" : "03/04/19 01:48:00",
  "value" : "0"
},{
  "dateTime" : "03/04/19 01:49:00",
  "value" : "0"
},{
  "dateTime" : "03/04/19 01:50:00",
  "value" : "0"
},{
  "dateTime" : "03/04/19 01:51:00",
  "value" : "0"
},{
  "dateTime" : "03/04/19 01:52:00",
  "value" : "0"
},{
  "dateTime" : "03/04/19 01:53:00",
  "value" : "0"
},{
  "dateTime" : "03/04/19 01:55:00",
  "value" : "0"
},{
  "dateTime" : "03/04/19 01:56:00",
  "value" : "0"
},{
  "dateTime" : "03/04/19 01:57:00",
  "value" : "0"
},{
  "dateTime" : "03/04/19 01:58:00",
  "value" : "0"
},{
  "dateTime" : "03/04/19 01:59:00",
  "value" : "0"
},{
  "dateTime" : "03/04/19 02:00:00",
  "value" : "0"
},{
  "dateTime" : "03/04/19 02:01:00",
  "value" : "0"
},{
  "dateTime" : "03/04/19 02:02:00",
  "value" : "0"
},{
  "dateTime" : "03/04/19 02:03:00",
  "value" : "0"
},{
  "dateTime" : "03/04/19 02:04:00",
  "value" : "0"
},{
  "dateTime" : "03/04/19 02:05:00",
  "value" : "0"
},{
  "dateTime" : "03/04/19 02:07:00",
  "value" : "0"
},{
  "dateTime" : "03/04/19 02:08:00",
  "value" : "0"
},{
  "dateTime" : "03/04/19 02:09:00",
  "value" : "0"
},{
  "dateTime" : "03/04/19 02:10:00",
  "value" : "0"
},{
  "dateTime" : "03/04/19 02:11:00",
  "value" : "0"
},{
  "dateTime" : "03/04/19 02:13:00",
  "value" : "0"
},{
  "dateTime" : "03/04/19 02:14:00",
  "value" : "0"
},{
  "dateTime" : "03/04/19 02:15:00",
  "value" : "0"
},{
  "dateTime" : "03/04/19 02:16:00",
  "value" : "0"
},{
  "dateTime" : "03/04/19 02:17:00",
  "value" : "0"
},{
  "dateTime" : "03/04/19 02:18:00",
  "value" : "0"
},{
  "dateTime" : "03/04/19 02:19:00",
  "value" : "0"
},{
  "dateTime" : "03/04/19 02:20:00",
  "value" : "0"
},{
  "dateTime" : "03/04/19 02:21:00",
  "value" : "0"
},{
  "dateTime" : "03/04/19 02:22:00",
  "value" : "0"
},{
  "dateTime" : "03/04/19 02:23:00",
  "value" : "0"
},{
  "dateTime" : "03/04/19 02:24:00",
  "value" : "0"
},{
  "dateTime" : "03/04/19 02:25:00",
  "value" : "0"
},{
  "dateTime" : "03/04/19 02:27:00",
  "value" : "0"
},{
  "dateTime" : "03/04/19 02:29:00",
  "value" : "0"
},{
  "dateTime" : "03/04/19 02:30:00",
  "value" : "0"
},{
  "dateTime" : "03/04/19 02:31:00",
  "value" : "0"
},{
  "dateTime" : "03/04/19 02:32:00",
  "value" : "0"
},{
  "dateTime" : "03/04/19 02:33:00",
  "value" : "0"
},{
  "dateTime" : "03/04/19 02:34:00",
  "value" : "0"
},{
  "dateTime" : "03/04/19 02:36:00",
  "value" : "0"
},{
  "dateTime" : "03/04/19 02:43:00",
  "value" : "0"
},{
  "dateTime" : "03/04/19 02:44:00",
  "value" : "0"
},{
  "dateTime" : "03/04/19 02:45:00",
  "value" : "0"
},{
  "dateTime" : "03/04/19 02:46:00",
  "value" : "0"
},{
  "dateTime" : "03/04/19 02:47:00",
  "value" : "0"
},{
  "dateTime" : "03/04/19 02:48:00",
  "value" : "0"
},{
  "dateTime" : "03/04/19 02:49:00",
  "value" : "0"
},{
  "dateTime" : "03/04/19 02:50:00",
  "value" : "0"
},{
  "dateTime" : "03/04/19 02:51:00",
  "value" : "0"
},{
  "dateTime" : "03/04/19 02:52:00",
  "value" : "0"
},{
  "dateTime" : "03/04/19 02:56:00",
  "value" : "0"
},{
  "dateTime" : "03/04/19 02:57:00",
  "value" : "0"
},{
  "dateTime" : "03/04/19 02:58:00",
  "value" : "0"
},{
  "dateTime" : "03/04/19 03:00:00",
  "value" : "0"
},{
  "dateTime" : "03/04/19 03:01:00",
  "value" : "0"
},{
  "dateTime" : "03/04/19 03:02:00",
  "value" : "0"
},{
  "dateTime" : "03/04/19 03:03:00",
  "value" : "0"
},{
  "dateTime" : "03/04/19 03:04:00",
  "value" : "0"
},{
  "dateTime" : "03/04/19 03:05:00",
  "value" : "0"
},{
  "dateTime" : "03/04/19 03:06:00",
  "value" : "0"
},{
  "dateTime" : "03/04/19 03:07:00",
  "value" : "0"
},{
  "dateTime" : "03/04/19 03:08:00",
  "value" : "0"
},{
  "dateTime" : "03/04/19 03:09:00",
  "value" : "0"
},{
  "dateTime" : "03/04/19 03:10:00",
  "value" : "2080"
},{
  "dateTime" : "03/04/19 03:11:00",
  "value" : "2600"
},{
  "dateTime" : "03/04/19 03:12:00",
  "value" : "1630"
},{
  "dateTime" : "03/04/19 03:13:00",
  "value" : "2080"
},{
  "dateTime" : "03/04/19 03:14:00",
  "value" : "3780"
},{
  "dateTime" : "03/04/19 03:15:00",
  "value" : "590"
},{
  "dateTime" : "03/04/19 03:16:00",
  "value" : "0"
},{
  "dateTime" : "03/04/19 03:17:00",
  "value" : "0"
},{
  "dateTime" : "03/04/19 03:18:00",
  "value" : "0"
},{
  "dateTime" : "03/04/19 03:19:00",
  "value" : "810"
},{
  "dateTime" : "03/04/19 03:20:00",
  "value" : "0"
},{
  "dateTime" : "03/04/19 03:21:00",
  "value" : "0"
},{
  "dateTime" : "03/04/19 03:22:00",
  "value" : "0"
},{
  "dateTime" : "03/04/19 03:23:00",
  "value" : "0"
},{
  "dateTime" : "03/04/19 03:25:00",
  "value" : "0"
},{
  "dateTime" : "03/04/19 03:29:00",
  "value" : "0"
},{
  "dateTime" : "03/04/19 03:30:00",
  "value" : "0"
},{
  "dateTime" : "03/04/19 03:31:00",
  "value" : "0"
},{
  "dateTime" : "03/04/19 03:32:00",
  "value" : "0"
},{
  "dateTime" : "03/04/19 03:33:00",
  "value" : "0"
},{
  "dateTime" : "03/04/19 03:34:00",
  "value" : "0"
},{
  "dateTime" : "03/04/19 03:35:00",
  "value" : "0"
},{
  "dateTime" : "03/04/19 03:37:00",
  "value" : "0"
},{
  "dateTime" : "03/04/19 03:38:00",
  "value" : "0"
},{
  "dateTime" : "03/04/19 03:39:00",
  "value" : "0"
},{
  "dateTime" : "03/04/19 03:40:00",
  "value" : "0"
},{
  "dateTime" : "03/04/19 03:41:00",
  "value" : "0"
},{
  "dateTime" : "03/04/19 03:42:00",
  "value" : "0"
},{
  "dateTime" : "03/04/19 03:43:00",
  "value" : "0"
},{
  "dateTime" : "03/04/19 03:45:00",
  "value" : "0"
},{
  "dateTime" : "03/04/19 03:46:00",
  "value" : "0"
},{
  "dateTime" : "03/04/19 03:47:00",
  "value" : "0"
},{
  "dateTime" : "03/04/19 03:48:00",
  "value" : "0"
},{
  "dateTime" : "03/04/19 03:49:00",
  "value" : "0"
},{
  "dateTime" : "03/04/19 03:50:00",
  "value" : "0"
},{
  "dateTime" : "03/04/19 03:51:00",
  "value" : "1260"
},{
  "dateTime" : "03/04/19 03:52:00",
  "value" : "3410"
},{
  "dateTime" : "03/04/19 03:53:00",
  "value" : "3780"
},{
  "dateTime" : "03/04/19 03:54:00",
  "value" : "0"
},{
  "dateTime" : "03/04/19 03:55:00",
  "value" : "0"
},{
  "dateTime" : "03/04/19 03:57:00",
  "value" : "0"
},{
  "dateTime" : "03/04/19 03:58:00",
  "value" : "0"
},{
  "dateTime" : "03/04/19 03:59:00",
  "value" : "0"
},{
  "dateTime" : "03/04/19 04:00:00",
  "value" : "0"
},{
  "dateTime" : "03/04/19 04:01:00",
  "value" : "2150"
},{
  "dateTime" : "03/04/19 04:02:00",
  "value" : "6240"
},{
  "dateTime" : "03/04/19 04:03:00",
  "value" : "3780"
},{
  "dateTime" : "03/04/19 04:04:00",
  "value" : "2890"
},{
  "dateTime" : "03/04/19 04:05:00",
  "value" : "440"
},{
  "dateTime" : "03/04/19 04:06:00",
  "value" : "0"
},{
  "dateTime" : "03/04/19 04:07:00",
  "value" : "0"
},{
  "dateTime" : "03/04/19 04:08:00",
  "value" : "0"
},{
  "dateTime" : "03/04/19 04:09:00",
  "value" : "0"
},{
  "dateTime" : "03/04/19 04:10:00",
  "value" : "0"
},{
  "dateTime" : "03/04/19 04:11:00",
  "value" : "0"
},{
  "dateTime" : "03/04/19 04:12:00",
  "value" : "0"
},{
  "dateTime" : "03/04/19 04:13:00",
  "value" : "0"
},{
  "dateTime" : "03/04/19 04:14:00",
  "value" : "0"
},{
  "dateTime" : "03/04/19 04:15:00",
  "value" : "0"
},{
  "dateTime" : "03/04/19 04:16:00",
  "value" : "0"
},{
  "dateTime" : "03/04/19 04:17:00",
  "value" : "0"
},{
  "dateTime" : "03/04/19 04:18:00",
  "value" : "0"
},{
  "dateTime" : "03/04/19 04:19:00",
  "value" : "0"
},{
  "dateTime" : "03/04/19 04:20:00",
  "value" : "0"
},{
  "dateTime" : "03/04/19 04:21:00",
  "value" : "0"
},{
  "dateTime" : "03/04/19 04:22:00",
  "value" : "0"
},{
  "dateTime" : "03/04/19 04:23:00",
  "value" : "0"
},{
  "dateTime" : "03/04/19 04:24:00",
  "value" : "0"
},{
  "dateTime" : "03/04/19 04:25:00",
  "value" : "0"
},{
  "dateTime" : "03/04/19 04:26:00",
  "value" : "0"
},{
  "dateTime" : "03/04/19 04:27:00",
  "value" : "0"
},{
  "dateTime" : "03/04/19 04:28:00",
  "value" : "0"
},{
  "dateTime" : "03/04/19 04:29:00",
  "value" : "0"
},{
  "dateTime" : "03/04/19 04:30:00",
  "value" : "0"
},{
  "dateTime" : "03/04/19 04:31:00",
  "value" : "0"
},{
  "dateTime" : "03/04/19 04:33:00",
  "value" : "0"
},{
  "dateTime" : "03/04/19 04:34:00",
  "value" : "0"
},{
  "dateTime" : "03/04/19 04:35:00",
  "value" : "0"
},{
  "dateTime" : "03/04/19 04:36:00",
  "value" : "0"
},{
  "dateTime" : "03/04/19 04:37:00",
  "value" : "3710"
},{
  "dateTime" : "03/04/19 04:38:00",
  "value" : "2670"
},{
  "dateTime" : "03/04/19 04:39:00",
  "value" : "1560"
},{
  "dateTime" : "03/04/19 04:40:00",
  "value" : "2450"
},{
  "dateTime" : "03/04/19 04:41:00",
  "value" : "0"
},{
  "dateTime" : "03/04/19 04:43:00",
  "value" : "0"
},{
  "dateTime" : "03/04/19 04:44:00",
  "value" : "0"
},{
  "dateTime" : "03/04/19 04:45:00",
  "value" : "2000"
},{
  "dateTime" : "03/04/19 04:46:00",
  "value" : "0"
},{
  "dateTime" : "03/04/19 04:53:00",
  "value" : "0"
},{
  "dateTime" : "03/04/19 05:01:00",
  "value" : "0"
},{
  "dateTime" : "03/04/19 05:02:00",
  "value" : "1180"
},{
  "dateTime" : "03/04/19 05:04:00",
  "value" : "0"
},{
  "dateTime" : "03/04/19 05:05:00",
  "value" : "0"
},{
  "dateTime" : "03/04/19 05:06:00",
  "value" : "0"
},{
  "dateTime" : "03/04/19 05:07:00",
  "value" : "0"
},{
  "dateTime" : "03/04/19 05:08:00",
  "value" : "0"
},{
  "dateTime" : "03/04/19 05:09:00",
  "value" : "0"
},{
  "dateTime" : "03/04/19 05:10:00",
  "value" : "0"
},{
  "dateTime" : "03/04/19 05:13:00",
  "value" : "0"
},{
  "dateTime" : "03/04/19 05:14:00",
  "value" : "0"
},{
  "dateTime" : "03/04/19 05:15:00",
  "value" : "0"
},{
  "dateTime" : "03/04/19 05:16:00",
  "value" : "0"
},{
  "dateTime" : "03/04/19 05:17:00",
  "value" : "0"
},{
  "dateTime" : "03/04/19 05:18:00",
  "value" : "0"
},{
  "dateTime" : "03/04/19 05:19:00",
  "value" : "0"
},{
  "dateTime" : "03/04/19 05:20:00",
  "value" : "0"
},{
  "dateTime" : "03/04/19 05:21:00",
  "value" : "0"
},{
  "dateTime" : "03/04/19 05:22:00",
  "value" : "0"
},{
  "dateTime" : "03/04/19 05:23:00",
  "value" : "0"
},{
  "dateTime" : "03/04/19 05:24:00",
  "value" : "1180"
},{
  "dateTime" : "03/04/19 05:25:00",
  "value" : "810"
},{
  "dateTime" : "03/04/19 05:26:00",
  "value" : "0"
},{
  "dateTime" : "03/04/19 05:27:00",
  "value" : "0"
},{
  "dateTime" : "03/04/19 05:28:00",
  "value" : "0"
},{
  "dateTime" : "03/04/19 05:29:00",
  "value" : "0"
},{
  "dateTime" : "03/04/19 05:30:00",
  "value" : "2000"
},{
  "dateTime" : "03/04/19 05:31:00",
  "value" : "2370"
},{
  "dateTime" : "03/04/19 05:32:00",
  "value" : "440"
},{
  "dateTime" : "03/04/19 05:33:00",
  "value" : "0"
},{
  "dateTime" : "03/04/19 05:34:00",
  "value" : "4300"
},{
  "dateTime" : "03/04/19 05:35:00",
  "value" : "0"
},{
  "dateTime" : "03/04/19 05:37:00",
  "value" : "0"
},{
  "dateTime" : "03/04/19 05:38:00",
  "value" : "0"
},{
  "dateTime" : "03/04/19 05:39:00",
  "value" : "0"
},{
  "dateTime" : "03/04/19 05:40:00",
  "value" : "1410"
},{
  "dateTime" : "03/04/19 05:41:00",
  "value" : "660"
},{
  "dateTime" : "03/04/19 05:42:00",
  "value" : "0"
},{
  "dateTime" : "03/04/19 05:43:00",
  "value" : "0"
},{
  "dateTime" : "03/04/19 05:44:00",
  "value" : "370"
},{
  "dateTime" : "03/04/19 05:45:00",
  "value" : "0"
},{
  "dateTime" : "03/04/19 05:46:00",
  "value" : "0"
},{
  "dateTime" : "03/04/19 05:47:00",
  "value" : "0"
},{
  "dateTime" : "03/04/19 05:48:00",
  "value" : "0"
},{
  "dateTime" : "03/04/19 05:50:00",
  "value" : "0"
},{
  "dateTime" : "03/04/19 05:51:00",
  "value" : "0"
},{
  "dateTime" : "03/04/19 05:54:00",
  "value" : "0"
},{
  "dateTime" : "03/04/19 05:55:00",
  "value" : "0"
},{
  "dateTime" : "03/04/19 05:56:00",
  "value" : "0"
},{
  "dateTime" : "03/04/19 05:57:00",
  "value" : "0"
},{
  "dateTime" : "03/04/19 05:58:00",
  "value" : "0"
},{
  "dateTime" : "03/04/19 05:59:00",
  "value" : "2150"
},{
  "dateTime" : "03/04/19 06:00:00",
  "value" : "0"
},{
  "dateTime" : "03/04/19 06:01:00",
  "value" : "660"
},{
  "dateTime" : "03/04/19 06:02:00",
  "value" : "370"
},{
  "dateTime" : "03/04/19 06:03:00",
  "value" : "1480"
},{
  "dateTime" : "03/04/19 06:04:00",
  "value" : "2220"
},{
  "dateTime" : "03/04/19 06:05:00",
  "value" : "4600"
},{
  "dateTime" : "03/04/19 06:06:00",
  "value" : "810"
},{
  "dateTime" : "03/04/19 06:07:00",
  "value" : "0"
},{
  "dateTime" : "03/04/19 06:08:00",
  "value" : "0"
},{
  "dateTime" : "03/04/19 06:09:00",
  "value" : "0"
},{
  "dateTime" : "03/04/19 06:10:00",
  "value" : "0"
},{
  "dateTime" : "03/04/19 06:11:00",
  "value" : "0"
},{
  "dateTime" : "03/04/19 06:12:00",
  "value" : "0"
},{
  "dateTime" : "03/04/19 06:13:00",
  "value" : "0"
},{
  "dateTime" : "03/04/19 06:14:00",
  "value" : "0"
},{
  "dateTime" : "03/04/19 06:15:00",
  "value" : "0"
},{
  "dateTime" : "03/04/19 06:16:00",
  "value" : "0"
},{
  "dateTime" : "03/04/19 06:17:00",
  "value" : "0"
},{
  "dateTime" : "03/04/19 06:18:00",
  "value" : "0"
},{
  "dateTime" : "03/04/19 06:19:00",
  "value" : "0"
},{
  "dateTime" : "03/04/19 06:20:00",
  "value" : "0"
},{
  "dateTime" : "03/04/19 06:21:00",
  "value" : "0"
},{
  "dateTime" : "03/04/19 06:22:00",
  "value" : "0"
},{
  "dateTime" : "03/04/19 06:23:00",
  "value" : "0"
},{
  "dateTime" : "03/04/19 06:24:00",
  "value" : "0"
},{
  "dateTime" : "03/04/19 06:25:00",
  "value" : "0"
},{
  "dateTime" : "03/04/19 06:26:00",
  "value" : "0"
},{
  "dateTime" : "03/04/19 06:27:00",
  "value" : "0"
},{
  "dateTime" : "03/04/19 06:28:00",
  "value" : "0"
},{
  "dateTime" : "03/04/19 06:29:00",
  "value" : "0"
},{
  "dateTime" : "03/04/19 06:30:00",
  "value" : "0"
},{
  "dateTime" : "03/04/19 06:31:00",
  "value" : "0"
},{
  "dateTime" : "03/04/19 06:32:00",
  "value" : "0"
},{
  "dateTime" : "03/04/19 06:33:00",
  "value" : "0"
},{
  "dateTime" : "03/04/19 06:34:00",
  "value" : "0"
},{
  "dateTime" : "03/04/19 06:35:00",
  "value" : "0"
},{
  "dateTime" : "03/04/19 06:36:00",
  "value" : "0"
},{
  "dateTime" : "03/04/19 06:37:00",
  "value" : "0"
},{
  "dateTime" : "03/04/19 06:38:00",
  "value" : "0"
},{
  "dateTime" : "03/04/19 06:39:00",
  "value" : "0"
},{
  "dateTime" : "03/04/19 06:40:00",
  "value" : "0"
},{
  "dateTime" : "03/04/19 06:41:00",
  "value" : "0"
},{
  "dateTime" : "03/04/19 06:42:00",
  "value" : "0"
},{
  "dateTime" : "03/04/19 06:43:00",
  "value" : "0"
},{
  "dateTime" : "03/04/19 06:44:00",
  "value" : "0"
},{
  "dateTime" : "03/04/19 06:45:00",
  "value" : "0"
},{
  "dateTime" : "03/04/19 06:46:00",
  "value" : "0"
},{
  "dateTime" : "03/04/19 06:47:00",
  "value" : "0"
},{
  "dateTime" : "03/04/19 06:48:00",
  "value" : "0"
},{
  "dateTime" : "03/04/19 06:49:00",
  "value" : "0"
},{
  "dateTime" : "03/04/19 06:50:00",
  "value" : "0"
},{
  "dateTime" : "03/04/19 06:51:00",
  "value" : "0"
},{
  "dateTime" : "03/04/19 06:52:00",
  "value" : "0"
},{
  "dateTime" : "03/04/19 06:53:00",
  "value" : "0"
},{
  "dateTime" : "03/04/19 06:54:00",
  "value" : "0"
},{
  "dateTime" : "03/04/19 06:55:00",
  "value" : "0"
},{
  "dateTime" : "03/04/19 06:56:00",
  "value" : "0"
},{
  "dateTime" : "03/04/19 06:57:00",
  "value" : "0"
},{
  "dateTime" : "03/04/19 06:58:00",
  "value" : "0"
},{
  "dateTime" : "03/04/19 06:59:00",
  "value" : "0"
},{
  "dateTime" : "03/04/19 07:00:00",
  "value" : "0"
},{
  "dateTime" : "03/04/19 07:01:00",
  "value" : "0"
},{
  "dateTime" : "03/04/19 07:02:00",
  "value" : "0"
},{
  "dateTime" : "03/04/19 07:03:00",
  "value" : "0"
},{
  "dateTime" : "03/04/19 07:04:00",
  "value" : "0"
},{
  "dateTime" : "03/04/19 07:06:00",
  "value" : "0"
},{
  "dateTime" : "03/04/19 07:07:00",
  "value" : "0"
},{
  "dateTime" : "03/04/19 07:08:00",
  "value" : "660"
},{
  "dateTime" : "03/04/19 07:09:00",
  "value" : "0"
},{
  "dateTime" : "03/04/19 07:10:00",
  "value" : "0"
},{
  "dateTime" : "03/04/19 07:11:00",
  "value" : "0"
},{
  "dateTime" : "03/04/19 07:12:00",
  "value" : "0"
},{
  "dateTime" : "03/04/19 07:13:00",
  "value" : "2740"
},{
  "dateTime" : "03/04/19 07:14:00",
  "value" : "5120"
},{
  "dateTime" : "03/04/19 07:15:00",
  "value" : "2000"
},{
  "dateTime" : "03/04/19 07:16:00",
  "value" : "0"
},{
  "dateTime" : "03/04/19 07:17:00",
  "value" : "0"
},{
  "dateTime" : "03/04/19 07:18:00",
  "value" : "3340"
},{
  "dateTime" : "03/04/19 07:19:00",
  "value" : "1110"
},{
  "dateTime" : "03/04/19 07:20:00",
  "value" : "440"
},{
  "dateTime" : "03/04/19 07:21:00",
  "value" : "0"
},{
  "dateTime" : "03/04/19 07:22:00",
  "value" : "0"
},{
  "dateTime" : "03/04/19 07:23:00",
  "value" : "0"
},{
  "dateTime" : "03/04/19 07:24:00",
  "value" : "0"
},{
  "dateTime" : "03/04/19 07:25:00",
  "value" : "0"
},{
  "dateTime" : "03/04/19 07:26:00",
  "value" : "0"
},{
  "dateTime" : "03/04/19 07:27:00",
  "value" : "0"
},{
  "dateTime" : "03/04/19 07:28:00",
  "value" : "590"
},{
  "dateTime" : "03/04/19 07:29:00",
  "value" : "0"
},{
  "dateTime" : "03/04/19 07:30:00",
  "value" : "1330"
},{
  "dateTime" : "03/04/19 07:31:00",
  "value" : "0"
},{
  "dateTime" : "03/04/19 07:32:00",
  "value" : "2000"
},{
  "dateTime" : "03/04/19 07:33:00",
  "value" : "220"
},{
  "dateTime" : "03/04/19 07:34:00",
  "value" : "3640"
},{
  "dateTime" : "03/04/19 07:35:00",
  "value" : "0"
}]