[{
  "dateTime" : "07/08/18 01:11:00",
  "value" : "0"
},{
  "dateTime" : "07/08/18 01:28:00",
  "value" : "0"
},{
  "dateTime" : "07/08/18 01:29:00",
  "value" : "0"
},{
  "dateTime" : "07/08/18 02:03:00",
  "value" : "280"
},{
  "dateTime" : "07/08/18 02:04:00",
  "value" : "0"
},{
  "dateTime" : "07/08/18 03:13:00",
  "value" : "0"
},{
  "dateTime" : "07/08/18 03:17:00",
  "value" : "0"
},{
  "dateTime" : "07/08/18 03:18:00",
  "value" : "0"
},{
  "dateTime" : "07/08/18 03:19:00",
  "value" : "0"
},{
  "dateTime" : "07/08/18 03:20:00",
  "value" : "0"
},{
  "dateTime" : "07/08/18 03:21:00",
  "value" : "0"
},{
  "dateTime" : "07/08/18 03:22:00",
  "value" : "0"
},{
  "dateTime" : "07/08/18 03:23:00",
  "value" : "0"
},{
  "dateTime" : "07/08/18 03:24:00",
  "value" : "0"
},{
  "dateTime" : "07/08/18 03:25:00",
  "value" : "0"
},{
  "dateTime" : "07/08/18 03:26:00",
  "value" : "0"
},{
  "dateTime" : "07/08/18 03:27:00",
  "value" : "0"
},{
  "dateTime" : "07/08/18 03:28:00",
  "value" : "0"
},{
  "dateTime" : "07/08/18 03:29:00",
  "value" : "0"
},{
  "dateTime" : "07/08/18 03:30:00",
  "value" : "0"
},{
  "dateTime" : "07/08/18 03:31:00",
  "value" : "0"
},{
  "dateTime" : "07/08/18 03:32:00",
  "value" : "0"
},{
  "dateTime" : "07/08/18 03:33:00",
  "value" : "0"
},{
  "dateTime" : "07/08/18 03:34:00",
  "value" : "0"
},{
  "dateTime" : "07/08/18 03:35:00",
  "value" : "0"
},{
  "dateTime" : "07/08/18 03:36:00",
  "value" : "0"
},{
  "dateTime" : "07/08/18 03:37:00",
  "value" : "0"
},{
  "dateTime" : "07/08/18 03:38:00",
  "value" : "0"
},{
  "dateTime" : "07/08/18 03:39:00",
  "value" : "0"
},{
  "dateTime" : "07/08/18 03:40:00",
  "value" : "0"
},{
  "dateTime" : "07/08/18 03:41:00",
  "value" : "0"
},{
  "dateTime" : "07/08/18 03:42:00",
  "value" : "0"
},{
  "dateTime" : "07/08/18 03:47:00",
  "value" : "0"
},{
  "dateTime" : "07/08/18 03:48:00",
  "value" : "0"
},{
  "dateTime" : "07/08/18 03:49:00",
  "value" : "0"
},{
  "dateTime" : "07/08/18 03:50:00",
  "value" : "0"
},{
  "dateTime" : "07/08/18 03:51:00",
  "value" : "0"
},{
  "dateTime" : "07/08/18 03:52:00",
  "value" : "0"
},{
  "dateTime" : "07/08/18 03:53:00",
  "value" : "700"
},{
  "dateTime" : "07/08/18 03:54:00",
  "value" : "140"
},{
  "dateTime" : "07/08/18 03:55:00",
  "value" : "2670"
},{
  "dateTime" : "07/08/18 03:56:00",
  "value" : "1120"
},{
  "dateTime" : "07/08/18 03:57:00",
  "value" : "1330"
},{
  "dateTime" : "07/08/18 03:58:00",
  "value" : "1890"
},{
  "dateTime" : "07/08/18 03:59:00",
  "value" : "0"
},{
  "dateTime" : "07/08/18 04:00:00",
  "value" : "0"
},{
  "dateTime" : "07/08/18 05:56:00",
  "value" : "0"
},{
  "dateTime" : "07/08/18 22:39:00",
  "value" : "0"
},{
  "dateTime" : "07/09/18 10:55:00",
  "value" : "0"
},{
  "dateTime" : "07/09/18 11:13:00",
  "value" : "0"
},{
  "dateTime" : "07/09/18 11:14:00",
  "value" : "0"
},{
  "dateTime" : "07/09/18 11:15:00",
  "value" : "0"
},{
  "dateTime" : "07/09/18 11:16:00",
  "value" : "0"
},{
  "dateTime" : "07/09/18 11:34:00",
  "value" : "0"
},{
  "dateTime" : "07/09/18 14:02:00",
  "value" : "0"
},{
  "dateTime" : "07/09/18 14:03:00",
  "value" : "0"
},{
  "dateTime" : "07/10/18 22:22:00",
  "value" : "0"
},{
  "dateTime" : "07/11/18 22:26:00",
  "value" : "0"
},{
  "dateTime" : "07/11/18 22:56:00",
  "value" : "0"
},{
  "dateTime" : "07/12/18 09:53:00",
  "value" : "0"
},{
  "dateTime" : "07/12/18 09:59:00",
  "value" : "630"
},{
  "dateTime" : "07/12/18 12:46:00",
  "value" : "0"
},{
  "dateTime" : "07/12/18 22:35:00",
  "value" : "0"
},{
  "dateTime" : "07/18/18 09:56:00",
  "value" : "0"
},{
  "dateTime" : "07/18/18 10:42:00",
  "value" : "0"
},{
  "dateTime" : "07/18/18 15:44:00",
  "value" : "0"
},{
  "dateTime" : "07/18/18 15:45:00",
  "value" : "0"
},{
  "dateTime" : "07/18/18 15:46:00",
  "value" : "0"
},{
  "dateTime" : "07/18/18 15:52:00",
  "value" : "0"
},{
  "dateTime" : "07/18/18 15:55:00",
  "value" : "0"
},{
  "dateTime" : "07/18/18 15:57:00",
  "value" : "0"
},{
  "dateTime" : "07/18/18 16:06:00",
  "value" : "560"
},{
  "dateTime" : "07/18/18 16:09:00",
  "value" : "0"
},{
  "dateTime" : "07/18/18 16:10:00",
  "value" : "0"
},{
  "dateTime" : "07/18/18 16:12:00",
  "value" : "0"
},{
  "dateTime" : "07/18/18 16:13:00",
  "value" : "0"
},{
  "dateTime" : "07/18/18 16:14:00",
  "value" : "1190"
},{
  "dateTime" : "07/18/18 16:15:00",
  "value" : "1400"
},{
  "dateTime" : "07/18/18 16:16:00",
  "value" : "210"
},{
  "dateTime" : "07/18/18 16:17:00",
  "value" : "0"
},{
  "dateTime" : "07/18/18 16:24:00",
  "value" : "0"
},{
  "dateTime" : "07/18/18 16:35:00",
  "value" : "0"
},{
  "dateTime" : "07/18/18 16:39:00",
  "value" : "0"
},{
  "dateTime" : "07/18/18 16:40:00",
  "value" : "0"
},{
  "dateTime" : "07/18/18 16:42:00",
  "value" : "0"
},{
  "dateTime" : "07/18/18 16:43:00",
  "value" : "0"
},{
  "dateTime" : "07/18/18 16:44:00",
  "value" : "0"
},{
  "dateTime" : "07/18/18 16:45:00",
  "value" : "0"
},{
  "dateTime" : "07/18/18 16:47:00",
  "value" : "0"
},{
  "dateTime" : "07/18/18 16:56:00",
  "value" : "0"
},{
  "dateTime" : "07/18/18 16:58:00",
  "value" : "1400"
},{
  "dateTime" : "07/18/18 16:59:00",
  "value" : "700"
},{
  "dateTime" : "07/18/18 17:05:00",
  "value" : "0"
}]