[{
  "dateTime" : "10/03/18 15:41:00",
  "value" : {
    "bpm" : 58,
    "confidence" : 2
  }
},{
  "dateTime" : "10/03/18 15:41:02",
  "value" : {
    "bpm" : 59,
    "confidence" : 2
  }
},{
  "dateTime" : "10/03/18 15:41:05",
  "value" : {
    "bpm" : 60,
    "confidence" : 3
  }
},{
  "dateTime" : "10/03/18 15:41:07",
  "value" : {
    "bpm" : 60,
    "confidence" : 2
  }
},{
  "dateTime" : "10/03/18 15:41:08",
  "value" : {
    "bpm" : 61,
    "confidence" : 3
  }
},{
  "dateTime" : "10/03/18 15:41:11",
  "value" : {
    "bpm" : 60,
    "confidence" : 3
  }
},{
  "dateTime" : "10/03/18 15:41:14",
  "value" : {
    "bpm" : 60,
    "confidence" : 2
  }
},{
  "dateTime" : "10/03/18 15:41:17",
  "value" : {
    "bpm" : 60,
    "confidence" : 2
  }
},{
  "dateTime" : "10/03/18 15:41:20",
  "value" : {
    "bpm" : 60,
    "confidence" : 2
  }
},{
  "dateTime" : "10/03/18 15:41:23",
  "value" : {
    "bpm" : 60,
    "confidence" : 2
  }
},{
  "dateTime" : "10/03/18 15:41:26",
  "value" : {
    "bpm" : 60,
    "confidence" : 2
  }
},{
  "dateTime" : "10/03/18 15:41:29",
  "value" : {
    "bpm" : 61,
    "confidence" : 3
  }
},{
  "dateTime" : "10/03/18 15:41:32",
  "value" : {
    "bpm" : 61,
    "confidence" : 2
  }
},{
  "dateTime" : "10/03/18 15:41:35",
  "value" : {
    "bpm" : 61,
    "confidence" : 2
  }
},{
  "dateTime" : "10/03/18 15:41:36",
  "value" : {
    "bpm" : 60,
    "confidence" : 3
  }
},{
  "dateTime" : "10/03/18 15:41:37",
  "value" : {
    "bpm" : 59,
    "confidence" : 2
  }
},{
  "dateTime" : "10/03/18 15:41:38",
  "value" : {
    "bpm" : 60,
    "confidence" : 2
  }
},{
  "dateTime" : "10/03/18 15:41:41",
  "value" : {
    "bpm" : 60,
    "confidence" : 2
  }
},{
  "dateTime" : "10/03/18 15:41:44",
  "value" : {
    "bpm" : 60,
    "confidence" : 2
  }
},{
  "dateTime" : "10/03/18 15:41:47",
  "value" : {
    "bpm" : 60,
    "confidence" : 2
  }
},{
  "dateTime" : "10/03/18 15:41:49",
  "value" : {
    "bpm" : 58,
    "confidence" : 3
  }
},{
  "dateTime" : "10/03/18 15:41:50",
  "value" : {
    "bpm" : 57,
    "confidence" : 3
  }
},{
  "dateTime" : "10/03/18 15:41:52",
  "value" : {
    "bpm" : 56,
    "confidence" : 3
  }
},{
  "dateTime" : "10/03/18 15:41:55",
  "value" : {
    "bpm" : 56,
    "confidence" : 3
  }
},{
  "dateTime" : "10/03/18 15:41:58",
  "value" : {
    "bpm" : 56,
    "confidence" : 3
  }
},{
  "dateTime" : "10/03/18 15:42:01",
  "value" : {
    "bpm" : 56,
    "confidence" : 3
  }
},{
  "dateTime" : "10/03/18 15:42:04",
  "value" : {
    "bpm" : 56,
    "confidence" : 3
  }
},{
  "dateTime" : "10/03/18 15:42:05",
  "value" : {
    "bpm" : 56,
    "confidence" : 3
  }
},{
  "dateTime" : "10/03/18 15:42:08",
  "value" : {
    "bpm" : 56,
    "confidence" : 3
  }
},{
  "dateTime" : "10/03/18 15:42:11",
  "value" : {
    "bpm" : 55,
    "confidence" : 3
  }
},{
  "dateTime" : "10/03/18 15:42:13",
  "value" : {
    "bpm" : 54,
    "confidence" : 3
  }
},{
  "dateTime" : "10/03/18 15:42:14",
  "value" : {
    "bpm" : 54,
    "confidence" : 2
  }
},{
  "dateTime" : "10/03/18 15:42:17",
  "value" : {
    "bpm" : 54,
    "confidence" : 2
  }
},{
  "dateTime" : "10/03/18 15:42:20",
  "value" : {
    "bpm" : 54,
    "confidence" : 2
  }
},{
  "dateTime" : "10/03/18 15:42:23",
  "value" : {
    "bpm" : 54,
    "confidence" : 2
  }
},{
  "dateTime" : "10/03/18 15:42:26",
  "value" : {
    "bpm" : 54,
    "confidence" : 2
  }
},{
  "dateTime" : "10/03/18 15:42:28",
  "value" : {
    "bpm" : 55,
    "confidence" : 3
  }
},{
  "dateTime" : "10/03/18 15:42:29",
  "value" : {
    "bpm" : 56,
    "confidence" : 3
  }
},{
  "dateTime" : "10/03/18 15:42:31",
  "value" : {
    "bpm" : 57,
    "confidence" : 2
  }
},{
  "dateTime" : "10/03/18 15:42:33",
  "value" : {
    "bpm" : 57,
    "confidence" : 3
  }
},{
  "dateTime" : "10/03/18 15:42:34",
  "value" : {
    "bpm" : 58,
    "confidence" : 3
  }
},{
  "dateTime" : "10/03/18 15:42:36",
  "value" : {
    "bpm" : 59,
    "confidence" : 3
  }
},{
  "dateTime" : "10/03/18 15:42:37",
  "value" : {
    "bpm" : 58,
    "confidence" : 3
  }
},{
  "dateTime" : "10/03/18 15:42:40",
  "value" : {
    "bpm" : 58,
    "confidence" : 3
  }
},{
  "dateTime" : "10/03/18 15:42:43",
  "value" : {
    "bpm" : 58,
    "confidence" : 3
  }
},{
  "dateTime" : "10/03/18 15:42:46",
  "value" : {
    "bpm" : 57,
    "confidence" : 3
  }
},{
  "dateTime" : "10/03/18 15:42:49",
  "value" : {
    "bpm" : 57,
    "confidence" : 2
  }
},{
  "dateTime" : "10/03/18 15:42:51",
  "value" : {
    "bpm" : 58,
    "confidence" : 3
  }
},{
  "dateTime" : "10/03/18 15:42:53",
  "value" : {
    "bpm" : 58,
    "confidence" : 2
  }
},{
  "dateTime" : "10/03/18 15:42:56",
  "value" : {
    "bpm" : 58,
    "confidence" : 2
  }
},{
  "dateTime" : "10/03/18 15:42:59",
  "value" : {
    "bpm" : 61,
    "confidence" : 3
  }
},{
  "dateTime" : "10/03/18 15:43:00",
  "value" : {
    "bpm" : 63,
    "confidence" : 3
  }
},{
  "dateTime" : "10/03/18 15:43:01",
  "value" : {
    "bpm" : 63,
    "confidence" : 2
  }
},{
  "dateTime" : "10/03/18 15:43:04",
  "value" : {
    "bpm" : 62,
    "confidence" : 2
  }
},{
  "dateTime" : "10/03/18 15:43:05",
  "value" : {
    "bpm" : 62,
    "confidence" : 2
  }
},{
  "dateTime" : "10/03/18 15:43:07",
  "value" : {
    "bpm" : 61,
    "confidence" : 2
  }
},{
  "dateTime" : "10/03/18 15:43:08",
  "value" : {
    "bpm" : 61,
    "confidence" : 3
  }
},{
  "dateTime" : "10/03/18 15:43:09",
  "value" : {
    "bpm" : 59,
    "confidence" : 3
  }
},{
  "dateTime" : "10/03/18 15:43:10",
  "value" : {
    "bpm" : 58,
    "confidence" : 3
  }
},{
  "dateTime" : "10/03/18 15:43:11",
  "value" : {
    "bpm" : 57,
    "confidence" : 3
  }
},{
  "dateTime" : "10/03/18 15:43:13",
  "value" : {
    "bpm" : 56,
    "confidence" : 3
  }
},{
  "dateTime" : "10/03/18 15:43:16",
  "value" : {
    "bpm" : 56,
    "confidence" : 3
  }
},{
  "dateTime" : "10/03/18 15:43:18",
  "value" : {
    "bpm" : 56,
    "confidence" : 2
  }
},{
  "dateTime" : "10/03/18 15:43:21",
  "value" : {
    "bpm" : 56,
    "confidence" : 2
  }
},{
  "dateTime" : "10/03/18 15:43:24",
  "value" : {
    "bpm" : 56,
    "confidence" : 2
  }
},{
  "dateTime" : "10/03/18 15:43:27",
  "value" : {
    "bpm" : 56,
    "confidence" : 2
  }
},{
  "dateTime" : "10/03/18 15:43:29",
  "value" : {
    "bpm" : 56,
    "confidence" : 3
  }
},{
  "dateTime" : "10/03/18 15:43:30",
  "value" : {
    "bpm" : 55,
    "confidence" : 3
  }
},{
  "dateTime" : "10/03/18 15:43:31",
  "value" : {
    "bpm" : 55,
    "confidence" : 2
  }
},{
  "dateTime" : "10/03/18 15:43:34",
  "value" : {
    "bpm" : 55,
    "confidence" : 2
  }
},{
  "dateTime" : "10/03/18 15:43:37",
  "value" : {
    "bpm" : 55,
    "confidence" : 2
  }
},{
  "dateTime" : "10/03/18 15:43:40",
  "value" : {
    "bpm" : 55,
    "confidence" : 2
  }
},{
  "dateTime" : "10/03/18 15:43:43",
  "value" : {
    "bpm" : 55,
    "confidence" : 2
  }
},{
  "dateTime" : "10/03/18 15:43:46",
  "value" : {
    "bpm" : 55,
    "confidence" : 2
  }
},{
  "dateTime" : "10/03/18 15:43:47",
  "value" : {
    "bpm" : 56,
    "confidence" : 2
  }
},{
  "dateTime" : "10/03/18 15:43:50",
  "value" : {
    "bpm" : 56,
    "confidence" : 2
  }
},{
  "dateTime" : "10/03/18 15:43:53",
  "value" : {
    "bpm" : 56,
    "confidence" : 2
  }
},{
  "dateTime" : "10/03/18 15:43:54",
  "value" : {
    "bpm" : 57,
    "confidence" : 3
  }
},{
  "dateTime" : "10/03/18 15:43:55",
  "value" : {
    "bpm" : 58,
    "confidence" : 3
  }
},{
  "dateTime" : "10/03/18 15:43:58",
  "value" : {
    "bpm" : 58,
    "confidence" : 3
  }
},{
  "dateTime" : "10/03/18 15:44:01",
  "value" : {
    "bpm" : 58,
    "confidence" : 3
  }
},{
  "dateTime" : "10/03/18 15:44:02",
  "value" : {
    "bpm" : 58,
    "confidence" : 3
  }
},{
  "dateTime" : "10/03/18 15:44:03",
  "value" : {
    "bpm" : 58,
    "confidence" : 2
  }
},{
  "dateTime" : "10/03/18 15:44:05",
  "value" : {
    "bpm" : 57,
    "confidence" : 3
  }
},{
  "dateTime" : "10/03/18 15:44:06",
  "value" : {
    "bpm" : 57,
    "confidence" : 2
  }
},{
  "dateTime" : "10/03/18 15:44:09",
  "value" : {
    "bpm" : 57,
    "confidence" : 2
  }
},{
  "dateTime" : "10/03/18 15:44:12",
  "value" : {
    "bpm" : 57,
    "confidence" : 2
  }
},{
  "dateTime" : "10/03/18 15:44:15",
  "value" : {
    "bpm" : 57,
    "confidence" : 2
  }
},{
  "dateTime" : "10/03/18 15:44:16",
  "value" : {
    "bpm" : 56,
    "confidence" : 2
  }
},{
  "dateTime" : "10/03/18 15:44:18",
  "value" : {
    "bpm" : 57,
    "confidence" : 3
  }
},{
  "dateTime" : "10/03/18 15:44:21",
  "value" : {
    "bpm" : 57,
    "confidence" : 3
  }
},{
  "dateTime" : "10/03/18 15:44:23",
  "value" : {
    "bpm" : 57,
    "confidence" : 2
  }
},{
  "dateTime" : "10/03/18 15:44:24",
  "value" : {
    "bpm" : 56,
    "confidence" : 3
  }
},{
  "dateTime" : "10/03/18 15:44:25",
  "value" : {
    "bpm" : 56,
    "confidence" : 2
  }
},{
  "dateTime" : "10/03/18 15:44:28",
  "value" : {
    "bpm" : 56,
    "confidence" : 2
  }
},{
  "dateTime" : "10/03/18 15:44:29",
  "value" : {
    "bpm" : 55,
    "confidence" : 3
  }
},{
  "dateTime" : "10/03/18 15:44:31",
  "value" : {
    "bpm" : 56,
    "confidence" : 3
  }
},{
  "dateTime" : "10/03/18 15:44:34",
  "value" : {
    "bpm" : 56,
    "confidence" : 3
  }
},{
  "dateTime" : "10/03/18 15:44:35",
  "value" : {
    "bpm" : 56,
    "confidence" : 2
  }
},{
  "dateTime" : "10/03/18 15:44:36",
  "value" : {
    "bpm" : 56,
    "confidence" : 3
  }
},{
  "dateTime" : "10/03/18 15:44:39",
  "value" : {
    "bpm" : 56,
    "confidence" : 3
  }
},{
  "dateTime" : "10/03/18 15:44:42",
  "value" : {
    "bpm" : 57,
    "confidence" : 3
  }
},{
  "dateTime" : "10/03/18 15:44:45",
  "value" : {
    "bpm" : 57,
    "confidence" : 3
  }
},{
  "dateTime" : "10/03/18 15:44:48",
  "value" : {
    "bpm" : 58,
    "confidence" : 3
  }
},{
  "dateTime" : "10/03/18 15:44:51",
  "value" : {
    "bpm" : 58,
    "confidence" : 3
  }
},{
  "dateTime" : "10/03/18 15:44:54",
  "value" : {
    "bpm" : 58,
    "confidence" : 2
  }
},{
  "dateTime" : "10/03/18 15:44:55",
  "value" : {
    "bpm" : 58,
    "confidence" : 3
  }
},{
  "dateTime" : "10/03/18 15:44:58",
  "value" : {
    "bpm" : 58,
    "confidence" : 3
  }
},{
  "dateTime" : "10/03/18 15:44:59",
  "value" : {
    "bpm" : 58,
    "confidence" : 3
  }
},{
  "dateTime" : "10/03/18 15:45:00",
  "value" : {
    "bpm" : 59,
    "confidence" : 3
  }
},{
  "dateTime" : "10/03/18 15:45:01",
  "value" : {
    "bpm" : 58,
    "confidence" : 3
  }
},{
  "dateTime" : "10/03/18 15:45:04",
  "value" : {
    "bpm" : 59,
    "confidence" : 3
  }
},{
  "dateTime" : "10/03/18 15:45:05",
  "value" : {
    "bpm" : 59,
    "confidence" : 2
  }
},{
  "dateTime" : "10/03/18 15:45:06",
  "value" : {
    "bpm" : 60,
    "confidence" : 3
  }
},{
  "dateTime" : "10/03/18 15:45:07",
  "value" : {
    "bpm" : 61,
    "confidence" : 3
  }
},{
  "dateTime" : "10/03/18 15:45:08",
  "value" : {
    "bpm" : 61,
    "confidence" : 2
  }
},{
  "dateTime" : "10/03/18 15:45:10",
  "value" : {
    "bpm" : 60,
    "confidence" : 3
  }
},{
  "dateTime" : "10/03/18 15:45:11",
  "value" : {
    "bpm" : 59,
    "confidence" : 3
  }
},{
  "dateTime" : "10/03/18 15:45:12",
  "value" : {
    "bpm" : 58,
    "confidence" : 3
  }
},{
  "dateTime" : "10/03/18 15:45:15",
  "value" : {
    "bpm" : 58,
    "confidence" : 3
  }
},{
  "dateTime" : "10/03/18 15:45:17",
  "value" : {
    "bpm" : 57,
    "confidence" : 3
  }
},{
  "dateTime" : "10/03/18 15:45:19",
  "value" : {
    "bpm" : 56,
    "confidence" : 3
  }
},{
  "dateTime" : "10/03/18 15:45:20",
  "value" : {
    "bpm" : 56,
    "confidence" : 2
  }
},{
  "dateTime" : "10/03/18 15:45:23",
  "value" : {
    "bpm" : 56,
    "confidence" : 2
  }
},{
  "dateTime" : "10/03/18 15:45:26",
  "value" : {
    "bpm" : 56,
    "confidence" : 2
  }
},{
  "dateTime" : "10/03/18 15:45:29",
  "value" : {
    "bpm" : 56,
    "confidence" : 2
  }
},{
  "dateTime" : "10/03/18 15:45:32",
  "value" : {
    "bpm" : 56,
    "confidence" : 2
  }
},{
  "dateTime" : "10/03/18 15:45:33",
  "value" : {
    "bpm" : 56,
    "confidence" : 3
  }
},{
  "dateTime" : "10/03/18 15:45:34",
  "value" : {
    "bpm" : 55,
    "confidence" : 3
  }
},{
  "dateTime" : "10/03/18 15:45:37",
  "value" : {
    "bpm" : 56,
    "confidence" : 3
  }
},{
  "dateTime" : "10/03/18 15:45:40",
  "value" : {
    "bpm" : 57,
    "confidence" : 3
  }
},{
  "dateTime" : "10/03/18 15:45:43",
  "value" : {
    "bpm" : 57,
    "confidence" : 3
  }
},{
  "dateTime" : "10/03/18 15:45:45",
  "value" : {
    "bpm" : 56,
    "confidence" : 3
  }
},{
  "dateTime" : "10/03/18 15:45:47",
  "value" : {
    "bpm" : 56,
    "confidence" : 2
  }
},{
  "dateTime" : "10/03/18 15:45:50",
  "value" : {
    "bpm" : 56,
    "confidence" : 2
  }
},{
  "dateTime" : "10/03/18 15:45:51",
  "value" : {
    "bpm" : 56,
    "confidence" : 2
  }
},{
  "dateTime" : "10/03/18 15:45:53",
  "value" : {
    "bpm" : 56,
    "confidence" : 3
  }
},{
  "dateTime" : "10/03/18 15:45:54",
  "value" : {
    "bpm" : 57,
    "confidence" : 3
  }
},{
  "dateTime" : "10/03/18 15:45:57",
  "value" : {
    "bpm" : 57,
    "confidence" : 3
  }
},{
  "dateTime" : "10/03/18 15:45:59",
  "value" : {
    "bpm" : 56,
    "confidence" : 3
  }
},{
  "dateTime" : "10/03/18 15:46:01",
  "value" : {
    "bpm" : 56,
    "confidence" : 2
  }
},{
  "dateTime" : "10/03/18 15:46:02",
  "value" : {
    "bpm" : 55,
    "confidence" : 3
  }
},{
  "dateTime" : "10/03/18 15:46:05",
  "value" : {
    "bpm" : 55,
    "confidence" : 3
  }
},{
  "dateTime" : "10/03/18 15:46:07",
  "value" : {
    "bpm" : 56,
    "confidence" : 3
  }
},{
  "dateTime" : "10/03/18 15:46:10",
  "value" : {
    "bpm" : 55,
    "confidence" : 3
  }
},{
  "dateTime" : "10/03/18 15:46:13",
  "value" : {
    "bpm" : 55,
    "confidence" : 3
  }
},{
  "dateTime" : "10/03/18 15:46:14",
  "value" : {
    "bpm" : 55,
    "confidence" : 2
  }
},{
  "dateTime" : "10/03/18 15:46:15",
  "value" : {
    "bpm" : 54,
    "confidence" : 2
  }
},{
  "dateTime" : "10/03/18 15:46:17",
  "value" : {
    "bpm" : 54,
    "confidence" : 3
  }
},{
  "dateTime" : "10/03/18 15:46:20",
  "value" : {
    "bpm" : 54,
    "confidence" : 3
  }
},{
  "dateTime" : "10/03/18 15:46:21",
  "value" : {
    "bpm" : 55,
    "confidence" : 3
  }
},{
  "dateTime" : "10/03/18 15:46:24",
  "value" : {
    "bpm" : 55,
    "confidence" : 3
  }
},{
  "dateTime" : "10/03/18 15:46:27",
  "value" : {
    "bpm" : 55,
    "confidence" : 3
  }
},{
  "dateTime" : "10/03/18 15:46:30",
  "value" : {
    "bpm" : 56,
    "confidence" : 3
  }
},{
  "dateTime" : "10/03/18 15:46:33",
  "value" : {
    "bpm" : 56,
    "confidence" : 3
  }
},{
  "dateTime" : "10/03/18 15:46:34",
  "value" : {
    "bpm" : 57,
    "confidence" : 3
  }
},{
  "dateTime" : "10/03/18 15:46:37",
  "value" : {
    "bpm" : 57,
    "confidence" : 2
  }
},{
  "dateTime" : "10/03/18 15:46:38",
  "value" : {
    "bpm" : 58,
    "confidence" : 3
  }
},{
  "dateTime" : "10/03/18 15:46:39",
  "value" : {
    "bpm" : 60,
    "confidence" : 3
  }
},{
  "dateTime" : "10/03/18 15:46:40",
  "value" : {
    "bpm" : 61,
    "confidence" : 3
  }
},{
  "dateTime" : "10/03/18 15:46:41",
  "value" : {
    "bpm" : 61,
    "confidence" : 2
  }
},{
  "dateTime" : "10/03/18 15:46:43",
  "value" : {
    "bpm" : 59,
    "confidence" : 3
  }
},{
  "dateTime" : "10/03/18 15:46:44",
  "value" : {
    "bpm" : 58,
    "confidence" : 3
  }
},{
  "dateTime" : "10/03/18 15:46:47",
  "value" : {
    "bpm" : 58,
    "confidence" : 3
  }
},{
  "dateTime" : "10/03/18 15:46:48",
  "value" : {
    "bpm" : 57,
    "confidence" : 3
  }
},{
  "dateTime" : "10/03/18 15:46:49",
  "value" : {
    "bpm" : 56,
    "confidence" : 3
  }
},{
  "dateTime" : "10/03/18 15:46:50",
  "value" : {
    "bpm" : 55,
    "confidence" : 3
  }
},{
  "dateTime" : "10/03/18 15:46:53",
  "value" : {
    "bpm" : 54,
    "confidence" : 3
  }
},{
  "dateTime" : "10/03/18 15:46:56",
  "value" : {
    "bpm" : 54,
    "confidence" : 3
  }
},{
  "dateTime" : "10/03/18 15:46:59",
  "value" : {
    "bpm" : 54,
    "confidence" : 3
  }
},{
  "dateTime" : "10/03/18 15:47:02",
  "value" : {
    "bpm" : 54,
    "confidence" : 3
  }
},{
  "dateTime" : "10/03/18 15:47:05",
  "value" : {
    "bpm" : 54,
    "confidence" : 3
  }
},{
  "dateTime" : "10/03/18 15:47:06",
  "value" : {
    "bpm" : 55,
    "confidence" : 2
  }
},{
  "dateTime" : "10/03/18 15:47:08",
  "value" : {
    "bpm" : 55,
    "confidence" : 3
  }
},{
  "dateTime" : "10/03/18 15:47:09",
  "value" : {
    "bpm" : 54,
    "confidence" : 3
  }
},{
  "dateTime" : "10/03/18 15:47:10",
  "value" : {
    "bpm" : 54,
    "confidence" : 2
  }
},{
  "dateTime" : "10/03/18 15:47:12",
  "value" : {
    "bpm" : 54,
    "confidence" : 3
  }
},{
  "dateTime" : "10/03/18 15:47:15",
  "value" : {
    "bpm" : 55,
    "confidence" : 3
  }
},{
  "dateTime" : "10/03/18 15:47:18",
  "value" : {
    "bpm" : 55,
    "confidence" : 3
  }
},{
  "dateTime" : "10/03/18 15:47:20",
  "value" : {
    "bpm" : 55,
    "confidence" : 2
  }
},{
  "dateTime" : "10/03/18 15:47:23",
  "value" : {
    "bpm" : 54,
    "confidence" : 2
  }
},{
  "dateTime" : "10/03/18 15:47:25",
  "value" : {
    "bpm" : 54,
    "confidence" : 3
  }
},{
  "dateTime" : "10/03/18 15:47:28",
  "value" : {
    "bpm" : 54,
    "confidence" : 3
  }
},{
  "dateTime" : "10/03/18 15:47:30",
  "value" : {
    "bpm" : 55,
    "confidence" : 3
  }
},{
  "dateTime" : "10/03/18 15:47:32",
  "value" : {
    "bpm" : 56,
    "confidence" : 3
  }
},{
  "dateTime" : "10/03/18 15:47:35",
  "value" : {
    "bpm" : 56,
    "confidence" : 3
  }
},{
  "dateTime" : "10/03/18 15:47:36",
  "value" : {
    "bpm" : 57,
    "confidence" : 3
  }
},{
  "dateTime" : "10/03/18 15:47:39",
  "value" : {
    "bpm" : 57,
    "confidence" : 3
  }
},{
  "dateTime" : "10/03/18 15:47:42",
  "value" : {
    "bpm" : 57,
    "confidence" : 3
  }
},{
  "dateTime" : "10/03/18 15:47:43",
  "value" : {
    "bpm" : 58,
    "confidence" : 3
  }
},{
  "dateTime" : "10/03/18 15:47:46",
  "value" : {
    "bpm" : 58,
    "confidence" : 3
  }
},{
  "dateTime" : "10/03/18 15:47:49",
  "value" : {
    "bpm" : 58,
    "confidence" : 3
  }
},{
  "dateTime" : "10/03/18 15:47:52",
  "value" : {
    "bpm" : 58,
    "confidence" : 2
  }
},{
  "dateTime" : "10/03/18 15:47:53",
  "value" : {
    "bpm" : 58,
    "confidence" : 3
  }
},{
  "dateTime" : "10/03/18 15:47:56",
  "value" : {
    "bpm" : 58,
    "confidence" : 3
  }
},{
  "dateTime" : "10/03/18 15:47:59",
  "value" : {
    "bpm" : 58,
    "confidence" : 3
  }
},{
  "dateTime" : "10/03/18 15:48:00",
  "value" : {
    "bpm" : 59,
    "confidence" : 3
  }
},{
  "dateTime" : "10/03/18 15:48:02",
  "value" : {
    "bpm" : 60,
    "confidence" : 3
  }
},{
  "dateTime" : "10/03/18 15:48:04",
  "value" : {
    "bpm" : 61,
    "confidence" : 3
  }
},{
  "dateTime" : "10/03/18 15:48:05",
  "value" : {
    "bpm" : 61,
    "confidence" : 2
  }
},{
  "dateTime" : "10/03/18 15:48:08",
  "value" : {
    "bpm" : 60,
    "confidence" : 3
  }
},{
  "dateTime" : "10/03/18 15:48:10",
  "value" : {
    "bpm" : 59,
    "confidence" : 3
  }
},{
  "dateTime" : "10/03/18 15:48:11",
  "value" : {
    "bpm" : 58,
    "confidence" : 3
  }
},{
  "dateTime" : "10/03/18 15:48:13",
  "value" : {
    "bpm" : 57,
    "confidence" : 3
  }
},{
  "dateTime" : "10/03/18 15:48:14",
  "value" : {
    "bpm" : 57,
    "confidence" : 2
  }
},{
  "dateTime" : "10/03/18 15:48:15",
  "value" : {
    "bpm" : 57,
    "confidence" : 3
  }
},{
  "dateTime" : "10/03/18 15:48:16",
  "value" : {
    "bpm" : 57,
    "confidence" : 2
  }
},{
  "dateTime" : "10/03/18 15:48:18",
  "value" : {
    "bpm" : 56,
    "confidence" : 3
  }
},{
  "dateTime" : "10/03/18 15:48:19",
  "value" : {
    "bpm" : 56,
    "confidence" : 2
  }
},{
  "dateTime" : "10/03/18 15:48:22",
  "value" : {
    "bpm" : 56,
    "confidence" : 2
  }
},{
  "dateTime" : "10/03/18 15:48:24",
  "value" : {
    "bpm" : 55,
    "confidence" : 2
  }
},{
  "dateTime" : "10/03/18 15:48:27",
  "value" : {
    "bpm" : 55,
    "confidence" : 2
  }
},{
  "dateTime" : "10/03/18 15:48:30",
  "value" : {
    "bpm" : 55,
    "confidence" : 2
  }
},{
  "dateTime" : "10/03/18 15:48:33",
  "value" : {
    "bpm" : 55,
    "confidence" : 2
  }
},{
  "dateTime" : "10/03/18 15:48:36",
  "value" : {
    "bpm" : 55,
    "confidence" : 2
  }
},{
  "dateTime" : "10/03/18 15:48:39",
  "value" : {
    "bpm" : 55,
    "confidence" : 2
  }
},{
  "dateTime" : "10/03/18 15:48:45",
  "value" : {
    "bpm" : 55,
    "confidence" : 2
  }
},{
  "dateTime" : "10/03/18 15:48:47",
  "value" : {
    "bpm" : 55,
    "confidence" : 3
  }
},{
  "dateTime" : "10/03/18 15:48:50",
  "value" : {
    "bpm" : 56,
    "confidence" : 3
  }
},{
  "dateTime" : "10/03/18 15:48:52",
  "value" : {
    "bpm" : 57,
    "confidence" : 3
  }
},{
  "dateTime" : "10/03/18 15:48:55",
  "value" : {
    "bpm" : 57,
    "confidence" : 3
  }
},{
  "dateTime" : "10/03/18 15:48:56",
  "value" : {
    "bpm" : 56,
    "confidence" : 3
  }
},{
  "dateTime" : "10/03/18 15:48:58",
  "value" : {
    "bpm" : 55,
    "confidence" : 3
  }
},{
  "dateTime" : "10/03/18 15:49:00",
  "value" : {
    "bpm" : 55,
    "confidence" : 2
  }
},{
  "dateTime" : "10/03/18 15:49:01",
  "value" : {
    "bpm" : 55,
    "confidence" : 3
  }
},{
  "dateTime" : "10/03/18 15:49:02",
  "value" : {
    "bpm" : 54,
    "confidence" : 3
  }
},{
  "dateTime" : "10/03/18 15:49:03",
  "value" : {
    "bpm" : 55,
    "confidence" : 3
  }
},{
  "dateTime" : "10/03/18 15:49:06",
  "value" : {
    "bpm" : 55,
    "confidence" : 3
  }
},{
  "dateTime" : "10/03/18 15:49:09",
  "value" : {
    "bpm" : 54,
    "confidence" : 3
  }
},{
  "dateTime" : "10/03/18 15:49:12",
  "value" : {
    "bpm" : 54,
    "confidence" : 3
  }
},{
  "dateTime" : "10/03/18 15:49:15",
  "value" : {
    "bpm" : 55,
    "confidence" : 3
  }
},{
  "dateTime" : "10/03/18 15:49:16",
  "value" : {
    "bpm" : 55,
    "confidence" : 2
  }
},{
  "dateTime" : "10/03/18 15:49:17",
  "value" : {
    "bpm" : 56,
    "confidence" : 3
  }
},{
  "dateTime" : "10/03/18 15:49:18",
  "value" : {
    "bpm" : 57,
    "confidence" : 2
  }
},{
  "dateTime" : "10/03/18 15:49:21",
  "value" : {
    "bpm" : 57,
    "confidence" : 2
  }
},{
  "dateTime" : "10/03/18 15:49:22",
  "value" : {
    "bpm" : 57,
    "confidence" : 3
  }
},{
  "dateTime" : "10/03/18 15:49:24",
  "value" : {
    "bpm" : 56,
    "confidence" : 3
  }
},{
  "dateTime" : "10/03/18 15:49:27",
  "value" : {
    "bpm" : 55,
    "confidence" : 3
  }
},{
  "dateTime" : "10/03/18 15:49:28",
  "value" : {
    "bpm" : 56,
    "confidence" : 3
  }
},{
  "dateTime" : "10/03/18 15:49:31",
  "value" : {
    "bpm" : 57,
    "confidence" : 3
  }
},{
  "dateTime" : "10/03/18 15:49:33",
  "value" : {
    "bpm" : 56,
    "confidence" : 3
  }
},{
  "dateTime" : "10/03/18 15:49:35",
  "value" : {
    "bpm" : 56,
    "confidence" : 2
  }
},{
  "dateTime" : "10/03/18 15:49:36",
  "value" : {
    "bpm" : 56,
    "confidence" : 3
  }
},{
  "dateTime" : "10/03/18 15:49:37",
  "value" : {
    "bpm" : 55,
    "confidence" : 3
  }
},{
  "dateTime" : "10/03/18 15:49:40",
  "value" : {
    "bpm" : 54,
    "confidence" : 3
  }
},{
  "dateTime" : "10/03/18 15:49:43",
  "value" : {
    "bpm" : 54,
    "confidence" : 2
  }
},{
  "dateTime" : "10/03/18 15:49:45",
  "value" : {
    "bpm" : 54,
    "confidence" : 3
  }
},{
  "dateTime" : "10/03/18 15:49:48",
  "value" : {
    "bpm" : 54,
    "confidence" : 3
  }
},{
  "dateTime" : "10/03/18 15:49:51",
  "value" : {
    "bpm" : 54,
    "confidence" : 3
  }
},{
  "dateTime" : "10/03/18 15:49:52",
  "value" : {
    "bpm" : 54,
    "confidence" : 2
  }
},{
  "dateTime" : "10/03/18 15:49:54",
  "value" : {
    "bpm" : 54,
    "confidence" : 3
  }
},{
  "dateTime" : "10/03/18 15:49:55",
  "value" : {
    "bpm" : 53,
    "confidence" : 3
  }
},{
  "dateTime" : "10/03/18 15:49:57",
  "value" : {
    "bpm" : 54,
    "confidence" : 3
  }
},{
  "dateTime" : "10/03/18 15:50:00",
  "value" : {
    "bpm" : 55,
    "confidence" : 3
  }
},{
  "dateTime" : "10/03/18 15:50:03",
  "value" : {
    "bpm" : 55,
    "confidence" : 3
  }
},{
  "dateTime" : "10/03/18 15:50:06",
  "value" : {
    "bpm" : 56,
    "confidence" : 3
  }
},{
  "dateTime" : "10/03/18 15:50:07",
  "value" : {
    "bpm" : 56,
    "confidence" : 2
  }
},{
  "dateTime" : "10/03/18 15:50:08",
  "value" : {
    "bpm" : 56,
    "confidence" : 3
  }
},{
  "dateTime" : "10/03/18 15:50:11",
  "value" : {
    "bpm" : 57,
    "confidence" : 3
  }
},{
  "dateTime" : "10/03/18 15:50:14",
  "value" : {
    "bpm" : 57,
    "confidence" : 3
  }
},{
  "dateTime" : "10/03/18 15:50:17",
  "value" : {
    "bpm" : 57,
    "confidence" : 3
  }
},{
  "dateTime" : "10/03/18 15:50:20",
  "value" : {
    "bpm" : 57,
    "confidence" : 3
  }
},{
  "dateTime" : "10/03/18 15:50:23",
  "value" : {
    "bpm" : 57,
    "confidence" : 3
  }
},{
  "dateTime" : "10/03/18 15:50:24",
  "value" : {
    "bpm" : 58,
    "confidence" : 3
  }
},{
  "dateTime" : "10/03/18 15:50:27",
  "value" : {
    "bpm" : 58,
    "confidence" : 3
  }
},{
  "dateTime" : "10/03/18 15:50:29",
  "value" : {
    "bpm" : 59,
    "confidence" : 3
  }
},{
  "dateTime" : "10/03/18 15:50:32",
  "value" : {
    "bpm" : 59,
    "confidence" : 3
  }
},{
  "dateTime" : "10/03/18 15:50:35",
  "value" : {
    "bpm" : 59,
    "confidence" : 3
  }
},{
  "dateTime" : "10/03/18 15:50:38",
  "value" : {
    "bpm" : 59,
    "confidence" : 3
  }
},{
  "dateTime" : "10/03/18 15:50:41",
  "value" : {
    "bpm" : 58,
    "confidence" : 3
  }
},{
  "dateTime" : "10/03/18 15:50:42",
  "value" : {
    "bpm" : 58,
    "confidence" : 3
  }
},{
  "dateTime" : "10/03/18 15:50:45",
  "value" : {
    "bpm" : 58,
    "confidence" : 3
  }
},{
  "dateTime" : "10/03/18 15:50:47",
  "value" : {
    "bpm" : 59,
    "confidence" : 3
  }
},{
  "dateTime" : "10/03/18 15:50:50",
  "value" : {
    "bpm" : 60,
    "confidence" : 3
  }
},{
  "dateTime" : "10/03/18 15:50:51",
  "value" : {
    "bpm" : 61,
    "confidence" : 3
  }
},{
  "dateTime" : "10/03/18 15:50:52",
  "value" : {
    "bpm" : 63,
    "confidence" : 3
  }
},{
  "dateTime" : "10/03/18 15:50:53",
  "value" : {
    "bpm" : 64,
    "confidence" : 3
  }
},{
  "dateTime" : "10/03/18 15:50:54",
  "value" : {
    "bpm" : 65,
    "confidence" : 3
  }
},{
  "dateTime" : "10/03/18 15:50:55",
  "value" : {
    "bpm" : 66,
    "confidence" : 3
  }
},{
  "dateTime" : "10/03/18 15:50:56",
  "value" : {
    "bpm" : 67,
    "confidence" : 2
  }
},{
  "dateTime" : "10/03/18 15:50:59",
  "value" : {
    "bpm" : 67,
    "confidence" : 2
  }
},{
  "dateTime" : "10/03/18 15:51:02",
  "value" : {
    "bpm" : 67,
    "confidence" : 2
  }
},{
  "dateTime" : "10/03/18 15:51:05",
  "value" : {
    "bpm" : 67,
    "confidence" : 2
  }
},{
  "dateTime" : "10/03/18 15:51:08",
  "value" : {
    "bpm" : 68,
    "confidence" : 2
  }
},{
  "dateTime" : "10/03/18 15:51:10",
  "value" : {
    "bpm" : 69,
    "confidence" : 2
  }
},{
  "dateTime" : "10/03/18 15:51:13",
  "value" : {
    "bpm" : 69,
    "confidence" : 2
  }
},{
  "dateTime" : "10/03/18 15:51:16",
  "value" : {
    "bpm" : 69,
    "confidence" : 2
  }
},{
  "dateTime" : "10/03/18 15:51:19",
  "value" : {
    "bpm" : 69,
    "confidence" : 2
  }
},{
  "dateTime" : "10/03/18 15:51:22",
  "value" : {
    "bpm" : 69,
    "confidence" : 2
  }
},{
  "dateTime" : "10/03/18 15:51:25",
  "value" : {
    "bpm" : 69,
    "confidence" : 2
  }
},{
  "dateTime" : "10/03/18 15:51:28",
  "value" : {
    "bpm" : 69,
    "confidence" : 2
  }
},{
  "dateTime" : "10/03/18 15:51:31",
  "value" : {
    "bpm" : 69,
    "confidence" : 2
  }
},{
  "dateTime" : "10/03/18 15:51:34",
  "value" : {
    "bpm" : 69,
    "confidence" : 2
  }
},{
  "dateTime" : "10/03/18 15:51:36",
  "value" : {
    "bpm" : 70,
    "confidence" : 2
  }
},{
  "dateTime" : "10/03/18 15:51:39",
  "value" : {
    "bpm" : 70,
    "confidence" : 2
  }
},{
  "dateTime" : "10/03/18 15:51:42",
  "value" : {
    "bpm" : 70,
    "confidence" : 2
  }
},{
  "dateTime" : "10/03/18 15:51:45",
  "value" : {
    "bpm" : 70,
    "confidence" : 2
  }
},{
  "dateTime" : "10/03/18 15:51:46",
  "value" : {
    "bpm" : 70,
    "confidence" : 2
  }
},{
  "dateTime" : "10/03/18 15:51:49",
  "value" : {
    "bpm" : 70,
    "confidence" : 2
  }
},{
  "dateTime" : "10/03/18 15:51:50",
  "value" : {
    "bpm" : 70,
    "confidence" : 1
  }
},{
  "dateTime" : "10/03/18 15:51:53",
  "value" : {
    "bpm" : 70,
    "confidence" : 1
  }
},{
  "dateTime" : "10/03/18 15:51:54",
  "value" : {
    "bpm" : 65,
    "confidence" : 3
  }
},{
  "dateTime" : "10/03/18 15:51:55",
  "value" : {
    "bpm" : 65,
    "confidence" : 2
  }
},{
  "dateTime" : "10/03/18 15:51:58",
  "value" : {
    "bpm" : 65,
    "confidence" : 2
  }
},{
  "dateTime" : "10/03/18 15:52:01",
  "value" : {
    "bpm" : 65,
    "confidence" : 2
  }
},{
  "dateTime" : "10/03/18 15:52:03",
  "value" : {
    "bpm" : 64,
    "confidence" : 2
  }
},{
  "dateTime" : "10/03/18 15:52:06",
  "value" : {
    "bpm" : 64,
    "confidence" : 2
  }
},{
  "dateTime" : "10/03/18 15:52:08",
  "value" : {
    "bpm" : 65,
    "confidence" : 3
  }
},{
  "dateTime" : "10/03/18 15:52:11",
  "value" : {
    "bpm" : 65,
    "confidence" : 3
  }
},{
  "dateTime" : "10/03/18 15:52:12",
  "value" : {
    "bpm" : 64,
    "confidence" : 3
  }
},{
  "dateTime" : "10/03/18 15:52:14",
  "value" : {
    "bpm" : 63,
    "confidence" : 3
  }
},{
  "dateTime" : "10/03/18 15:52:17",
  "value" : {
    "bpm" : 62,
    "confidence" : 3
  }
},{
  "dateTime" : "10/03/18 15:52:20",
  "value" : {
    "bpm" : 62,
    "confidence" : 3
  }
},{
  "dateTime" : "10/03/18 15:52:22",
  "value" : {
    "bpm" : 61,
    "confidence" : 3
  }
},{
  "dateTime" : "10/03/18 15:52:25",
  "value" : {
    "bpm" : 60,
    "confidence" : 3
  }
},{
  "dateTime" : "10/03/18 15:52:26",
  "value" : {
    "bpm" : 59,
    "confidence" : 3
  }
},{
  "dateTime" : "10/03/18 15:52:27",
  "value" : {
    "bpm" : 58,
    "confidence" : 3
  }
},{
  "dateTime" : "10/03/18 15:52:28",
  "value" : {
    "bpm" : 57,
    "confidence" : 3
  }
},{
  "dateTime" : "10/03/18 15:52:30",
  "value" : {
    "bpm" : 56,
    "confidence" : 3
  }
},{
  "dateTime" : "10/03/18 15:52:33",
  "value" : {
    "bpm" : 56,
    "confidence" : 3
  }
},{
  "dateTime" : "10/03/18 15:52:35",
  "value" : {
    "bpm" : 56,
    "confidence" : 2
  }
},{
  "dateTime" : "10/03/18 15:52:36",
  "value" : {
    "bpm" : 56,
    "confidence" : 3
  }
},{
  "dateTime" : "10/03/18 15:52:37",
  "value" : {
    "bpm" : 56,
    "confidence" : 2
  }
},{
  "dateTime" : "10/03/18 15:52:40",
  "value" : {
    "bpm" : 56,
    "confidence" : 2
  }
},{
  "dateTime" : "10/03/18 15:52:41",
  "value" : {
    "bpm" : 56,
    "confidence" : 2
  }
},{
  "dateTime" : "10/03/18 15:52:44",
  "value" : {
    "bpm" : 56,
    "confidence" : 2
  }
},{
  "dateTime" : "10/03/18 15:52:47",
  "value" : {
    "bpm" : 56,
    "confidence" : 2
  }
},{
  "dateTime" : "10/03/18 15:52:50",
  "value" : {
    "bpm" : 56,
    "confidence" : 2
  }
},{
  "dateTime" : "10/03/18 15:52:53",
  "value" : {
    "bpm" : 56,
    "confidence" : 2
  }
},{
  "dateTime" : "10/03/18 15:52:56",
  "value" : {
    "bpm" : 56,
    "confidence" : 2
  }
},{
  "dateTime" : "10/03/18 15:52:59",
  "value" : {
    "bpm" : 56,
    "confidence" : 2
  }
},{
  "dateTime" : "10/03/18 15:53:02",
  "value" : {
    "bpm" : 56,
    "confidence" : 2
  }
},{
  "dateTime" : "10/03/18 15:53:05",
  "value" : {
    "bpm" : 56,
    "confidence" : 2
  }
},{
  "dateTime" : "10/03/18 15:53:08",
  "value" : {
    "bpm" : 56,
    "confidence" : 2
  }
},{
  "dateTime" : "10/03/18 15:53:11",
  "value" : {
    "bpm" : 56,
    "confidence" : 2
  }
},{
  "dateTime" : "10/03/18 15:53:14",
  "value" : {
    "bpm" : 56,
    "confidence" : 2
  }
},{
  "dateTime" : "10/03/18 15:53:17",
  "value" : {
    "bpm" : 56,
    "confidence" : 2
  }
},{
  "dateTime" : "10/03/18 15:53:20",
  "value" : {
    "bpm" : 56,
    "confidence" : 2
  }
},{
  "dateTime" : "10/03/18 15:53:23",
  "value" : {
    "bpm" : 56,
    "confidence" : 2
  }
},{
  "dateTime" : "10/03/18 15:53:24",
  "value" : {
    "bpm" : 57,
    "confidence" : 3
  }
},{
  "dateTime" : "10/03/18 15:53:25",
  "value" : {
    "bpm" : 58,
    "confidence" : 3
  }
},{
  "dateTime" : "10/03/18 15:53:26",
  "value" : {
    "bpm" : 58,
    "confidence" : 2
  }
},{
  "dateTime" : "10/03/18 15:53:29",
  "value" : {
    "bpm" : 58,
    "confidence" : 2
  }
},{
  "dateTime" : "10/03/18 15:53:32",
  "value" : {
    "bpm" : 58,
    "confidence" : 2
  }
},{
  "dateTime" : "10/03/18 15:53:35",
  "value" : {
    "bpm" : 58,
    "confidence" : 2
  }
},{
  "dateTime" : "10/03/18 15:53:38",
  "value" : {
    "bpm" : 58,
    "confidence" : 2
  }
},{
  "dateTime" : "10/03/18 15:53:39",
  "value" : {
    "bpm" : 58,
    "confidence" : 3
  }
},{
  "dateTime" : "10/03/18 15:53:41",
  "value" : {
    "bpm" : 58,
    "confidence" : 2
  }
},{
  "dateTime" : "10/03/18 15:53:44",
  "value" : {
    "bpm" : 58,
    "confidence" : 2
  }
},{
  "dateTime" : "10/03/18 15:53:47",
  "value" : {
    "bpm" : 58,
    "confidence" : 2
  }
},{
  "dateTime" : "10/03/18 15:53:50",
  "value" : {
    "bpm" : 58,
    "confidence" : 2
  }
},{
  "dateTime" : "10/03/18 15:53:51",
  "value" : {
    "bpm" : 58,
    "confidence" : 2
  }
},{
  "dateTime" : "10/03/18 15:53:54",
  "value" : {
    "bpm" : 58,
    "confidence" : 2
  }
},{
  "dateTime" : "10/03/18 15:53:57",
  "value" : {
    "bpm" : 58,
    "confidence" : 2
  }
},{
  "dateTime" : "10/03/18 15:53:59",
  "value" : {
    "bpm" : 57,
    "confidence" : 3
  }
},{
  "dateTime" : "10/03/18 15:54:00",
  "value" : {
    "bpm" : 56,
    "confidence" : 3
  }
},{
  "dateTime" : "10/03/18 15:54:01",
  "value" : {
    "bpm" : 56,
    "confidence" : 2
  }
},{
  "dateTime" : "10/03/18 15:54:04",
  "value" : {
    "bpm" : 56,
    "confidence" : 2
  }
},{
  "dateTime" : "10/03/18 15:54:07",
  "value" : {
    "bpm" : 56,
    "confidence" : 2
  }
},{
  "dateTime" : "10/03/18 15:54:09",
  "value" : {
    "bpm" : 57,
    "confidence" : 3
  }
},{
  "dateTime" : "10/03/18 15:54:10",
  "value" : {
    "bpm" : 56,
    "confidence" : 3
  }
},{
  "dateTime" : "10/03/18 15:54:12",
  "value" : {
    "bpm" : 55,
    "confidence" : 3
  }
},{
  "dateTime" : "10/03/18 15:54:14",
  "value" : {
    "bpm" : 54,
    "confidence" : 3
  }
},{
  "dateTime" : "10/03/18 15:54:16",
  "value" : {
    "bpm" : 55,
    "confidence" : 3
  }
},{
  "dateTime" : "10/03/18 15:54:19",
  "value" : {
    "bpm" : 55,
    "confidence" : 3
  }
},{
  "dateTime" : "10/03/18 15:54:22",
  "value" : {
    "bpm" : 56,
    "confidence" : 3
  }
},{
  "dateTime" : "10/03/18 15:54:23",
  "value" : {
    "bpm" : 56,
    "confidence" : 2
  }
},{
  "dateTime" : "10/03/18 15:54:26",
  "value" : {
    "bpm" : 56,
    "confidence" : 3
  }
},{
  "dateTime" : "10/03/18 15:54:28",
  "value" : {
    "bpm" : 57,
    "confidence" : 3
  }
},{
  "dateTime" : "10/03/18 15:54:30",
  "value" : {
    "bpm" : 58,
    "confidence" : 3
  }
},{
  "dateTime" : "10/03/18 15:54:33",
  "value" : {
    "bpm" : 57,
    "confidence" : 3
  }
},{
  "dateTime" : "10/03/18 15:54:36",
  "value" : {
    "bpm" : 57,
    "confidence" : 3
  }
},{
  "dateTime" : "10/03/18 15:54:38",
  "value" : {
    "bpm" : 57,
    "confidence" : 2
  }
},{
  "dateTime" : "10/03/18 15:54:41",
  "value" : {
    "bpm" : 57,
    "confidence" : 2
  }
},{
  "dateTime" : "10/03/18 15:54:42",
  "value" : {
    "bpm" : 57,
    "confidence" : 3
  }
},{
  "dateTime" : "10/03/18 15:54:45",
  "value" : {
    "bpm" : 57,
    "confidence" : 2
  }
},{
  "dateTime" : "10/03/18 15:54:48",
  "value" : {
    "bpm" : 57,
    "confidence" : 2
  }
},{
  "dateTime" : "10/03/18 15:54:51",
  "value" : {
    "bpm" : 57,
    "confidence" : 2
  }
},{
  "dateTime" : "10/03/18 15:54:52",
  "value" : {
    "bpm" : 57,
    "confidence" : 2
  }
},{
  "dateTime" : "10/03/18 15:54:55",
  "value" : {
    "bpm" : 57,
    "confidence" : 2
  }
},{
  "dateTime" : "10/03/18 15:54:58",
  "value" : {
    "bpm" : 58,
    "confidence" : 2
  }
},{
  "dateTime" : "10/03/18 15:54:59",
  "value" : {
    "bpm" : 58,
    "confidence" : 3
  }
},{
  "dateTime" : "10/03/18 15:55:00",
  "value" : {
    "bpm" : 58,
    "confidence" : 2
  }
},{
  "dateTime" : "10/03/18 15:55:03",
  "value" : {
    "bpm" : 58,
    "confidence" : 2
  }
},{
  "dateTime" : "10/03/18 15:55:06",
  "value" : {
    "bpm" : 58,
    "confidence" : 2
  }
},{
  "dateTime" : "10/03/18 15:55:09",
  "value" : {
    "bpm" : 58,
    "confidence" : 2
  }
},{
  "dateTime" : "10/03/18 15:55:12",
  "value" : {
    "bpm" : 58,
    "confidence" : 2
  }
},{
  "dateTime" : "10/03/18 15:55:15",
  "value" : {
    "bpm" : 58,
    "confidence" : 2
  }
},{
  "dateTime" : "10/03/18 15:55:18",
  "value" : {
    "bpm" : 58,
    "confidence" : 2
  }
},{
  "dateTime" : "10/03/18 15:55:21",
  "value" : {
    "bpm" : 58,
    "confidence" : 2
  }
},{
  "dateTime" : "10/03/18 15:55:24",
  "value" : {
    "bpm" : 58,
    "confidence" : 3
  }
},{
  "dateTime" : "10/03/18 15:55:26",
  "value" : {
    "bpm" : 57,
    "confidence" : 2
  }
},{
  "dateTime" : "10/03/18 15:55:29",
  "value" : {
    "bpm" : 57,
    "confidence" : 2
  }
},{
  "dateTime" : "10/03/18 15:55:30",
  "value" : {
    "bpm" : 58,
    "confidence" : 3
  }
},{
  "dateTime" : "10/03/18 15:55:31",
  "value" : {
    "bpm" : 57,
    "confidence" : 3
  }
},{
  "dateTime" : "10/03/18 15:55:34",
  "value" : {
    "bpm" : 57,
    "confidence" : 3
  }
},{
  "dateTime" : "10/03/18 15:55:35",
  "value" : {
    "bpm" : 58,
    "confidence" : 3
  }
},{
  "dateTime" : "10/03/18 15:55:38",
  "value" : {
    "bpm" : 58,
    "confidence" : 3
  }
},{
  "dateTime" : "10/03/18 15:55:39",
  "value" : {
    "bpm" : 57,
    "confidence" : 3
  }
},{
  "dateTime" : "10/03/18 15:55:40",
  "value" : {
    "bpm" : 57,
    "confidence" : 2
  }
},{
  "dateTime" : "10/03/18 15:55:43",
  "value" : {
    "bpm" : 57,
    "confidence" : 2
  }
},{
  "dateTime" : "10/03/18 15:55:46",
  "value" : {
    "bpm" : 57,
    "confidence" : 2
  }
},{
  "dateTime" : "10/03/18 15:55:49",
  "value" : {
    "bpm" : 57,
    "confidence" : 2
  }
},{
  "dateTime" : "10/03/18 15:55:52",
  "value" : {
    "bpm" : 57,
    "confidence" : 2
  }
},{
  "dateTime" : "10/03/18 15:55:55",
  "value" : {
    "bpm" : 58,
    "confidence" : 3
  }
},{
  "dateTime" : "10/03/18 15:55:56",
  "value" : {
    "bpm" : 59,
    "confidence" : 3
  }
},{
  "dateTime" : "10/03/18 15:55:59",
  "value" : {
    "bpm" : 59,
    "confidence" : 3
  }
},{
  "dateTime" : "10/03/18 15:56:02",
  "value" : {
    "bpm" : 59,
    "confidence" : 2
  }
},{
  "dateTime" : "10/03/18 15:56:05",
  "value" : {
    "bpm" : 59,
    "confidence" : 3
  }
},{
  "dateTime" : "10/03/18 15:56:08",
  "value" : {
    "bpm" : 59,
    "confidence" : 2
  }
},{
  "dateTime" : "10/03/18 15:56:11",
  "value" : {
    "bpm" : 59,
    "confidence" : 2
  }
},{
  "dateTime" : "10/03/18 15:56:14",
  "value" : {
    "bpm" : 59,
    "confidence" : 2
  }
},{
  "dateTime" : "10/03/18 15:56:17",
  "value" : {
    "bpm" : 59,
    "confidence" : 2
  }
},{
  "dateTime" : "10/03/18 15:56:20",
  "value" : {
    "bpm" : 59,
    "confidence" : 2
  }
},{
  "dateTime" : "10/03/18 15:56:22",
  "value" : {
    "bpm" : 59,
    "confidence" : 3
  }
},{
  "dateTime" : "10/03/18 15:56:23",
  "value" : {
    "bpm" : 59,
    "confidence" : 2
  }
},{
  "dateTime" : "10/03/18 15:56:26",
  "value" : {
    "bpm" : 59,
    "confidence" : 2
  }
},{
  "dateTime" : "10/03/18 15:56:27",
  "value" : {
    "bpm" : 58,
    "confidence" : 2
  }
},{
  "dateTime" : "10/03/18 15:56:30",
  "value" : {
    "bpm" : 58,
    "confidence" : 2
  }
},{
  "dateTime" : "10/03/18 15:56:31",
  "value" : {
    "bpm" : 58,
    "confidence" : 3
  }
},{
  "dateTime" : "10/03/18 15:56:33",
  "value" : {
    "bpm" : 57,
    "confidence" : 2
  }
},{
  "dateTime" : "10/03/18 15:56:34",
  "value" : {
    "bpm" : 57,
    "confidence" : 3
  }
},{
  "dateTime" : "10/03/18 15:56:36",
  "value" : {
    "bpm" : 56,
    "confidence" : 3
  }
},{
  "dateTime" : "10/03/18 15:56:37",
  "value" : {
    "bpm" : 56,
    "confidence" : 2
  }
},{
  "dateTime" : "10/03/18 15:56:40",
  "value" : {
    "bpm" : 56,
    "confidence" : 2
  }
},{
  "dateTime" : "10/03/18 15:56:43",
  "value" : {
    "bpm" : 56,
    "confidence" : 2
  }
},{
  "dateTime" : "10/03/18 15:56:46",
  "value" : {
    "bpm" : 56,
    "confidence" : 2
  }
},{
  "dateTime" : "10/03/18 15:56:49",
  "value" : {
    "bpm" : 56,
    "confidence" : 2
  }
},{
  "dateTime" : "10/03/18 15:56:51",
  "value" : {
    "bpm" : 55,
    "confidence" : 2
  }
},{
  "dateTime" : "10/03/18 15:56:52",
  "value" : {
    "bpm" : 55,
    "confidence" : 3
  }
},{
  "dateTime" : "10/03/18 15:56:53",
  "value" : {
    "bpm" : 55,
    "confidence" : 2
  }
},{
  "dateTime" : "10/03/18 15:56:56",
  "value" : {
    "bpm" : 55,
    "confidence" : 2
  }
},{
  "dateTime" : "10/03/18 15:56:57",
  "value" : {
    "bpm" : 55,
    "confidence" : 2
  }
},{
  "dateTime" : "10/03/18 15:57:00",
  "value" : {
    "bpm" : 55,
    "confidence" : 3
  }
},{
  "dateTime" : "10/03/18 15:57:03",
  "value" : {
    "bpm" : 55,
    "confidence" : 2
  }
},{
  "dateTime" : "10/03/18 15:57:06",
  "value" : {
    "bpm" : 55,
    "confidence" : 2
  }
},{
  "dateTime" : "10/03/18 15:57:09",
  "value" : {
    "bpm" : 55,
    "confidence" : 2
  }
},{
  "dateTime" : "10/03/18 15:57:12",
  "value" : {
    "bpm" : 55,
    "confidence" : 2
  }
},{
  "dateTime" : "10/03/18 15:57:15",
  "value" : {
    "bpm" : 55,
    "confidence" : 2
  }
},{
  "dateTime" : "10/03/18 15:57:18",
  "value" : {
    "bpm" : 55,
    "confidence" : 2
  }
},{
  "dateTime" : "10/03/18 15:57:21",
  "value" : {
    "bpm" : 55,
    "confidence" : 2
  }
},{
  "dateTime" : "10/03/18 15:57:24",
  "value" : {
    "bpm" : 55,
    "confidence" : 2
  }
},{
  "dateTime" : "10/03/18 15:57:27",
  "value" : {
    "bpm" : 56,
    "confidence" : 2
  }
},{
  "dateTime" : "10/03/18 15:57:28",
  "value" : {
    "bpm" : 59,
    "confidence" : 3
  }
},{
  "dateTime" : "10/03/18 15:57:29",
  "value" : {
    "bpm" : 59,
    "confidence" : 2
  }
},{
  "dateTime" : "10/03/18 15:57:32",
  "value" : {
    "bpm" : 58,
    "confidence" : 2
  }
},{
  "dateTime" : "10/03/18 15:57:35",
  "value" : {
    "bpm" : 57,
    "confidence" : 2
  }
},{
  "dateTime" : "10/03/18 15:57:38",
  "value" : {
    "bpm" : 57,
    "confidence" : 2
  }
},{
  "dateTime" : "10/03/18 15:57:40",
  "value" : {
    "bpm" : 56,
    "confidence" : 3
  }
},{
  "dateTime" : "10/03/18 15:57:41",
  "value" : {
    "bpm" : 55,
    "confidence" : 3
  }
},{
  "dateTime" : "10/03/18 15:57:44",
  "value" : {
    "bpm" : 55,
    "confidence" : 3
  }
},{
  "dateTime" : "10/03/18 15:57:45",
  "value" : {
    "bpm" : 55,
    "confidence" : 2
  }
},{
  "dateTime" : "10/03/18 15:57:46",
  "value" : {
    "bpm" : 54,
    "confidence" : 2
  }
},{
  "dateTime" : "10/03/18 15:57:49",
  "value" : {
    "bpm" : 54,
    "confidence" : 2
  }
},{
  "dateTime" : "10/03/18 15:57:52",
  "value" : {
    "bpm" : 54,
    "confidence" : 2
  }
},{
  "dateTime" : "10/03/18 15:57:55",
  "value" : {
    "bpm" : 54,
    "confidence" : 2
  }
},{
  "dateTime" : "10/03/18 15:57:58",
  "value" : {
    "bpm" : 55,
    "confidence" : 2
  }
},{
  "dateTime" : "10/03/18 15:58:01",
  "value" : {
    "bpm" : 55,
    "confidence" : 2
  }
},{
  "dateTime" : "10/03/18 15:58:04",
  "value" : {
    "bpm" : 55,
    "confidence" : 3
  }
},{
  "dateTime" : "10/03/18 15:58:05",
  "value" : {
    "bpm" : 54,
    "confidence" : 3
  }
},{
  "dateTime" : "10/03/18 15:58:08",
  "value" : {
    "bpm" : 54,
    "confidence" : 3
  }
},{
  "dateTime" : "10/03/18 15:58:11",
  "value" : {
    "bpm" : 54,
    "confidence" : 3
  }
},{
  "dateTime" : "10/03/18 15:58:14",
  "value" : {
    "bpm" : 55,
    "confidence" : 3
  }
},{
  "dateTime" : "10/03/18 15:58:15",
  "value" : {
    "bpm" : 55,
    "confidence" : 2
  }
},{
  "dateTime" : "10/03/18 15:58:18",
  "value" : {
    "bpm" : 55,
    "confidence" : 2
  }
},{
  "dateTime" : "10/03/18 15:58:20",
  "value" : {
    "bpm" : 55,
    "confidence" : 3
  }
},{
  "dateTime" : "10/03/18 15:58:21",
  "value" : {
    "bpm" : 56,
    "confidence" : 3
  }
},{
  "dateTime" : "10/03/18 15:58:24",
  "value" : {
    "bpm" : 57,
    "confidence" : 3
  }
},{
  "dateTime" : "10/03/18 15:58:27",
  "value" : {
    "bpm" : 57,
    "confidence" : 3
  }
},{
  "dateTime" : "10/03/18 15:58:30",
  "value" : {
    "bpm" : 57,
    "confidence" : 3
  }
},{
  "dateTime" : "10/03/18 15:58:32",
  "value" : {
    "bpm" : 56,
    "confidence" : 3
  }
},{
  "dateTime" : "10/03/18 15:58:35",
  "value" : {
    "bpm" : 56,
    "confidence" : 3
  }
},{
  "dateTime" : "10/03/18 15:58:38",
  "value" : {
    "bpm" : 56,
    "confidence" : 3
  }
},{
  "dateTime" : "10/03/18 15:58:39",
  "value" : {
    "bpm" : 57,
    "confidence" : 3
  }
},{
  "dateTime" : "10/03/18 15:58:42",
  "value" : {
    "bpm" : 57,
    "confidence" : 3
  }
},{
  "dateTime" : "10/03/18 15:58:44",
  "value" : {
    "bpm" : 57,
    "confidence" : 2
  }
},{
  "dateTime" : "10/03/18 15:58:47",
  "value" : {
    "bpm" : 57,
    "confidence" : 2
  }
},{
  "dateTime" : "10/03/18 15:58:48",
  "value" : {
    "bpm" : 58,
    "confidence" : 3
  }
},{
  "dateTime" : "10/03/18 15:58:51",
  "value" : {
    "bpm" : 58,
    "confidence" : 2
  }
},{
  "dateTime" : "10/03/18 15:58:54",
  "value" : {
    "bpm" : 58,
    "confidence" : 2
  }
},{
  "dateTime" : "10/03/18 15:58:57",
  "value" : {
    "bpm" : 58,
    "confidence" : 2
  }
},{
  "dateTime" : "10/03/18 15:58:59",
  "value" : {
    "bpm" : 58,
    "confidence" : 3
  }
},{
  "dateTime" : "10/03/18 15:59:00",
  "value" : {
    "bpm" : 57,
    "confidence" : 3
  }
},{
  "dateTime" : "10/03/18 15:59:02",
  "value" : {
    "bpm" : 57,
    "confidence" : 2
  }
},{
  "dateTime" : "10/03/18 15:59:03",
  "value" : {
    "bpm" : 57,
    "confidence" : 3
  }
},{
  "dateTime" : "10/03/18 15:59:06",
  "value" : {
    "bpm" : 56,
    "confidence" : 2
  }
},{
  "dateTime" : "10/03/18 15:59:07",
  "value" : {
    "bpm" : 56,
    "confidence" : 2
  }
},{
  "dateTime" : "10/03/18 15:59:10",
  "value" : {
    "bpm" : 56,
    "confidence" : 2
  }
},{
  "dateTime" : "10/03/18 15:59:13",
  "value" : {
    "bpm" : 56,
    "confidence" : 2
  }
},{
  "dateTime" : "10/03/18 15:59:14",
  "value" : {
    "bpm" : 56,
    "confidence" : 3
  }
},{
  "dateTime" : "10/03/18 15:59:17",
  "value" : {
    "bpm" : 56,
    "confidence" : 3
  }
},{
  "dateTime" : "10/03/18 15:59:18",
  "value" : {
    "bpm" : 57,
    "confidence" : 3
  }
},{
  "dateTime" : "10/03/18 15:59:20",
  "value" : {
    "bpm" : 57,
    "confidence" : 2
  }
},{
  "dateTime" : "10/03/18 15:59:22",
  "value" : {
    "bpm" : 56,
    "confidence" : 3
  }
},{
  "dateTime" : "10/03/18 15:59:23",
  "value" : {
    "bpm" : 55,
    "confidence" : 3
  }
},{
  "dateTime" : "10/03/18 15:59:25",
  "value" : {
    "bpm" : 55,
    "confidence" : 2
  }
},{
  "dateTime" : "10/03/18 15:59:28",
  "value" : {
    "bpm" : 55,
    "confidence" : 3
  }
},{
  "dateTime" : "10/03/18 15:59:29",
  "value" : {
    "bpm" : 55,
    "confidence" : 2
  }
},{
  "dateTime" : "10/03/18 15:59:32",
  "value" : {
    "bpm" : 55,
    "confidence" : 2
  }
},{
  "dateTime" : "10/03/18 15:59:35",
  "value" : {
    "bpm" : 55,
    "confidence" : 2
  }
},{
  "dateTime" : "10/03/18 15:59:37",
  "value" : {
    "bpm" : 55,
    "confidence" : 3
  }
},{
  "dateTime" : "10/03/18 15:59:40",
  "value" : {
    "bpm" : 55,
    "confidence" : 3
  }
},{
  "dateTime" : "10/03/18 15:59:41",
  "value" : {
    "bpm" : 55,
    "confidence" : 2
  }
},{
  "dateTime" : "10/03/18 15:59:44",
  "value" : {
    "bpm" : 55,
    "confidence" : 2
  }
},{
  "dateTime" : "10/03/18 15:59:47",
  "value" : {
    "bpm" : 56,
    "confidence" : 2
  }
},{
  "dateTime" : "10/03/18 15:59:49",
  "value" : {
    "bpm" : 55,
    "confidence" : 2
  }
},{
  "dateTime" : "10/03/18 15:59:52",
  "value" : {
    "bpm" : 56,
    "confidence" : 2
  }
},{
  "dateTime" : "10/03/18 15:59:55",
  "value" : {
    "bpm" : 56,
    "confidence" : 2
  }
},{
  "dateTime" : "10/03/18 15:59:58",
  "value" : {
    "bpm" : 56,
    "confidence" : 2
  }
}]