[{
  "dateTime" : "07/09/18 10:55:10",
  "value" : {
    "bpm" : 70,
    "confidence" : 0
  }
},{
  "dateTime" : "07/09/18 10:55:13",
  "value" : {
    "bpm" : 70,
    "confidence" : 0
  }
},{
  "dateTime" : "07/09/18 10:55:19",
  "value" : {
    "bpm" : 70,
    "confidence" : 0
  }
},{
  "dateTime" : "07/09/18 10:55:25",
  "value" : {
    "bpm" : 70,
    "confidence" : 0
  }
},{
  "dateTime" : "07/09/18 10:55:45",
  "value" : {
    "bpm" : 70,
    "confidence" : 0
  }
},{
  "dateTime" : "07/09/18 10:55:53",
  "value" : {
    "bpm" : 70,
    "confidence" : 0
  }
},{
  "dateTime" : "07/09/18 11:03:09",
  "value" : {
    "bpm" : 70,
    "confidence" : 0
  }
},{
  "dateTime" : "07/09/18 11:03:12",
  "value" : {
    "bpm" : 70,
    "confidence" : 0
  }
},{
  "dateTime" : "07/09/18 11:03:15",
  "value" : {
    "bpm" : 73,
    "confidence" : 0
  }
},{
  "dateTime" : "07/09/18 11:03:16",
  "value" : {
    "bpm" : 85,
    "confidence" : 0
  }
},{
  "dateTime" : "07/09/18 11:03:19",
  "value" : {
    "bpm" : 85,
    "confidence" : 0
  }
},{
  "dateTime" : "07/09/18 11:03:22",
  "value" : {
    "bpm" : 85,
    "confidence" : 0
  }
},{
  "dateTime" : "07/09/18 11:03:25",
  "value" : {
    "bpm" : 85,
    "confidence" : 0
  }
},{
  "dateTime" : "07/09/18 11:05:42",
  "value" : {
    "bpm" : 70,
    "confidence" : 0
  }
},{
  "dateTime" : "07/09/18 11:05:45",
  "value" : {
    "bpm" : 70,
    "confidence" : 0
  }
},{
  "dateTime" : "07/09/18 11:05:47",
  "value" : {
    "bpm" : 65,
    "confidence" : 0
  }
},{
  "dateTime" : "07/09/18 11:05:49",
  "value" : {
    "bpm" : 71,
    "confidence" : 0
  }
},{
  "dateTime" : "07/09/18 11:05:51",
  "value" : {
    "bpm" : 83,
    "confidence" : 0
  }
},{
  "dateTime" : "07/09/18 11:05:53",
  "value" : {
    "bpm" : 91,
    "confidence" : 0
  }
},{
  "dateTime" : "07/09/18 11:09:02",
  "value" : {
    "bpm" : 70,
    "confidence" : 0
  }
},{
  "dateTime" : "07/09/18 11:09:05",
  "value" : {
    "bpm" : 70,
    "confidence" : 0
  }
},{
  "dateTime" : "07/09/18 11:12:55",
  "value" : {
    "bpm" : 70,
    "confidence" : 0
  }
},{
  "dateTime" : "07/09/18 11:12:58",
  "value" : {
    "bpm" : 70,
    "confidence" : 0
  }
},{
  "dateTime" : "07/09/18 11:13:00",
  "value" : {
    "bpm" : 78,
    "confidence" : 0
  }
},{
  "dateTime" : "07/09/18 11:13:03",
  "value" : {
    "bpm" : 78,
    "confidence" : 0
  }
},{
  "dateTime" : "07/09/18 11:13:06",
  "value" : {
    "bpm" : 78,
    "confidence" : 0
  }
},{
  "dateTime" : "07/09/18 11:13:09",
  "value" : {
    "bpm" : 78,
    "confidence" : 0
  }
},{
  "dateTime" : "07/09/18 11:13:12",
  "value" : {
    "bpm" : 78,
    "confidence" : 0
  }
},{
  "dateTime" : "07/09/18 11:13:15",
  "value" : {
    "bpm" : 78,
    "confidence" : 0
  }
},{
  "dateTime" : "07/09/18 11:13:18",
  "value" : {
    "bpm" : 70,
    "confidence" : 0
  }
},{
  "dateTime" : "07/09/18 11:13:20",
  "value" : {
    "bpm" : 73,
    "confidence" : 0
  }
},{
  "dateTime" : "07/09/18 11:13:21",
  "value" : {
    "bpm" : 70,
    "confidence" : 0
  }
},{
  "dateTime" : "07/09/18 11:13:24",
  "value" : {
    "bpm" : 71,
    "confidence" : 1
  }
},{
  "dateTime" : "07/09/18 11:13:27",
  "value" : {
    "bpm" : 71,
    "confidence" : 1
  }
},{
  "dateTime" : "07/09/18 11:13:28",
  "value" : {
    "bpm" : 71,
    "confidence" : 2
  }
},{
  "dateTime" : "07/09/18 11:13:31",
  "value" : {
    "bpm" : 71,
    "confidence" : 1
  }
},{
  "dateTime" : "07/09/18 11:13:34",
  "value" : {
    "bpm" : 71,
    "confidence" : 1
  }
},{
  "dateTime" : "07/09/18 11:13:37",
  "value" : {
    "bpm" : 71,
    "confidence" : 1
  }
},{
  "dateTime" : "07/09/18 11:13:40",
  "value" : {
    "bpm" : 71,
    "confidence" : 1
  }
},{
  "dateTime" : "07/09/18 11:13:43",
  "value" : {
    "bpm" : 74,
    "confidence" : 1
  }
},{
  "dateTime" : "07/09/18 11:13:46",
  "value" : {
    "bpm" : 73,
    "confidence" : 1
  }
},{
  "dateTime" : "07/09/18 11:13:47",
  "value" : {
    "bpm" : 75,
    "confidence" : 1
  }
},{
  "dateTime" : "07/09/18 11:13:50",
  "value" : {
    "bpm" : 75,
    "confidence" : 1
  }
},{
  "dateTime" : "07/09/18 11:13:53",
  "value" : {
    "bpm" : 75,
    "confidence" : 1
  }
},{
  "dateTime" : "07/09/18 11:13:56",
  "value" : {
    "bpm" : 75,
    "confidence" : 1
  }
},{
  "dateTime" : "07/09/18 11:13:59",
  "value" : {
    "bpm" : 75,
    "confidence" : 1
  }
},{
  "dateTime" : "07/09/18 11:14:00",
  "value" : {
    "bpm" : 76,
    "confidence" : 1
  }
},{
  "dateTime" : "07/09/18 11:14:01",
  "value" : {
    "bpm" : 76,
    "confidence" : 1
  }
},{
  "dateTime" : "07/09/18 11:14:04",
  "value" : {
    "bpm" : 76,
    "confidence" : 1
  }
},{
  "dateTime" : "07/09/18 11:14:07",
  "value" : {
    "bpm" : 76,
    "confidence" : 1
  }
},{
  "dateTime" : "07/09/18 11:14:10",
  "value" : {
    "bpm" : 76,
    "confidence" : 1
  }
},{
  "dateTime" : "07/09/18 11:14:12",
  "value" : {
    "bpm" : 73,
    "confidence" : 1
  }
},{
  "dateTime" : "07/09/18 11:14:15",
  "value" : {
    "bpm" : 73,
    "confidence" : 1
  }
},{
  "dateTime" : "07/09/18 11:14:18",
  "value" : {
    "bpm" : 73,
    "confidence" : 1
  }
},{
  "dateTime" : "07/09/18 11:14:21",
  "value" : {
    "bpm" : 73,
    "confidence" : 1
  }
},{
  "dateTime" : "07/09/18 11:14:24",
  "value" : {
    "bpm" : 73,
    "confidence" : 1
  }
},{
  "dateTime" : "07/09/18 11:14:26",
  "value" : {
    "bpm" : 74,
    "confidence" : 1
  }
},{
  "dateTime" : "07/09/18 11:14:27",
  "value" : {
    "bpm" : 75,
    "confidence" : 1
  }
},{
  "dateTime" : "07/09/18 11:14:30",
  "value" : {
    "bpm" : 75,
    "confidence" : 1
  }
},{
  "dateTime" : "07/09/18 11:14:33",
  "value" : {
    "bpm" : 75,
    "confidence" : 1
  }
},{
  "dateTime" : "07/09/18 11:14:36",
  "value" : {
    "bpm" : 75,
    "confidence" : 1
  }
},{
  "dateTime" : "07/09/18 11:14:39",
  "value" : {
    "bpm" : 75,
    "confidence" : 1
  }
},{
  "dateTime" : "07/09/18 11:14:41",
  "value" : {
    "bpm" : 72,
    "confidence" : 1
  }
},{
  "dateTime" : "07/09/18 11:14:43",
  "value" : {
    "bpm" : 73,
    "confidence" : 1
  }
},{
  "dateTime" : "07/09/18 11:14:44",
  "value" : {
    "bpm" : 75,
    "confidence" : 1
  }
},{
  "dateTime" : "07/09/18 11:14:47",
  "value" : {
    "bpm" : 75,
    "confidence" : 1
  }
},{
  "dateTime" : "07/09/18 11:14:50",
  "value" : {
    "bpm" : 75,
    "confidence" : 1
  }
},{
  "dateTime" : "07/09/18 11:14:52",
  "value" : {
    "bpm" : 77,
    "confidence" : 1
  }
},{
  "dateTime" : "07/09/18 11:14:54",
  "value" : {
    "bpm" : 78,
    "confidence" : 1
  }
},{
  "dateTime" : "07/09/18 11:14:56",
  "value" : {
    "bpm" : 79,
    "confidence" : 1
  }
},{
  "dateTime" : "07/09/18 11:14:59",
  "value" : {
    "bpm" : 79,
    "confidence" : 1
  }
},{
  "dateTime" : "07/09/18 11:15:02",
  "value" : {
    "bpm" : 79,
    "confidence" : 1
  }
},{
  "dateTime" : "07/09/18 11:15:05",
  "value" : {
    "bpm" : 77,
    "confidence" : 1
  }
},{
  "dateTime" : "07/09/18 11:15:06",
  "value" : {
    "bpm" : 76,
    "confidence" : 1
  }
},{
  "dateTime" : "07/09/18 11:15:07",
  "value" : {
    "bpm" : 75,
    "confidence" : 1
  }
},{
  "dateTime" : "07/09/18 11:15:10",
  "value" : {
    "bpm" : 75,
    "confidence" : 1
  }
},{
  "dateTime" : "07/09/18 11:15:11",
  "value" : {
    "bpm" : 74,
    "confidence" : 1
  }
},{
  "dateTime" : "07/09/18 11:15:14",
  "value" : {
    "bpm" : 74,
    "confidence" : 1
  }
},{
  "dateTime" : "07/09/18 11:15:17",
  "value" : {
    "bpm" : 74,
    "confidence" : 1
  }
},{
  "dateTime" : "07/09/18 11:15:20",
  "value" : {
    "bpm" : 74,
    "confidence" : 1
  }
},{
  "dateTime" : "07/09/18 11:15:23",
  "value" : {
    "bpm" : 74,
    "confidence" : 1
  }
},{
  "dateTime" : "07/09/18 11:15:31",
  "value" : {
    "bpm" : 74,
    "confidence" : 1
  }
},{
  "dateTime" : "07/09/18 11:15:34",
  "value" : {
    "bpm" : 74,
    "confidence" : 1
  }
},{
  "dateTime" : "07/09/18 11:15:37",
  "value" : {
    "bpm" : 75,
    "confidence" : 1
  }
},{
  "dateTime" : "07/09/18 11:15:40",
  "value" : {
    "bpm" : 74,
    "confidence" : 1
  }
},{
  "dateTime" : "07/09/18 11:15:43",
  "value" : {
    "bpm" : 74,
    "confidence" : 1
  }
},{
  "dateTime" : "07/09/18 11:15:45",
  "value" : {
    "bpm" : 75,
    "confidence" : 1
  }
},{
  "dateTime" : "07/09/18 11:15:48",
  "value" : {
    "bpm" : 75,
    "confidence" : 1
  }
},{
  "dateTime" : "07/09/18 11:15:51",
  "value" : {
    "bpm" : 75,
    "confidence" : 1
  }
},{
  "dateTime" : "07/09/18 11:15:54",
  "value" : {
    "bpm" : 75,
    "confidence" : 1
  }
},{
  "dateTime" : "07/09/18 11:15:57",
  "value" : {
    "bpm" : 75,
    "confidence" : 1
  }
},{
  "dateTime" : "07/09/18 11:16:00",
  "value" : {
    "bpm" : 75,
    "confidence" : 1
  }
},{
  "dateTime" : "07/09/18 11:16:03",
  "value" : {
    "bpm" : 75,
    "confidence" : 1
  }
},{
  "dateTime" : "07/09/18 11:16:06",
  "value" : {
    "bpm" : 75,
    "confidence" : 1
  }
},{
  "dateTime" : "07/09/18 11:16:09",
  "value" : {
    "bpm" : 75,
    "confidence" : 1
  }
},{
  "dateTime" : "07/09/18 11:16:10",
  "value" : {
    "bpm" : 76,
    "confidence" : 1
  }
},{
  "dateTime" : "07/09/18 11:16:13",
  "value" : {
    "bpm" : 76,
    "confidence" : 1
  }
},{
  "dateTime" : "07/09/18 11:16:16",
  "value" : {
    "bpm" : 76,
    "confidence" : 1
  }
},{
  "dateTime" : "07/09/18 11:16:19",
  "value" : {
    "bpm" : 76,
    "confidence" : 1
  }
},{
  "dateTime" : "07/09/18 11:16:20",
  "value" : {
    "bpm" : 77,
    "confidence" : 1
  }
},{
  "dateTime" : "07/09/18 11:16:23",
  "value" : {
    "bpm" : 79,
    "confidence" : 1
  }
},{
  "dateTime" : "07/09/18 11:16:25",
  "value" : {
    "bpm" : 80,
    "confidence" : 1
  }
},{
  "dateTime" : "07/09/18 11:16:28",
  "value" : {
    "bpm" : 80,
    "confidence" : 1
  }
},{
  "dateTime" : "07/09/18 11:16:29",
  "value" : {
    "bpm" : 81,
    "confidence" : 1
  }
},{
  "dateTime" : "07/09/18 11:16:32",
  "value" : {
    "bpm" : 82,
    "confidence" : 1
  }
},{
  "dateTime" : "07/09/18 11:16:35",
  "value" : {
    "bpm" : 82,
    "confidence" : 1
  }
},{
  "dateTime" : "07/09/18 11:16:38",
  "value" : {
    "bpm" : 83,
    "confidence" : 1
  }
},{
  "dateTime" : "07/09/18 11:16:41",
  "value" : {
    "bpm" : 83,
    "confidence" : 1
  }
},{
  "dateTime" : "07/09/18 11:16:42",
  "value" : {
    "bpm" : 83,
    "confidence" : 1
  }
},{
  "dateTime" : "07/09/18 11:16:45",
  "value" : {
    "bpm" : 83,
    "confidence" : 1
  }
},{
  "dateTime" : "07/09/18 11:16:48",
  "value" : {
    "bpm" : 83,
    "confidence" : 1
  }
},{
  "dateTime" : "07/09/18 11:16:51",
  "value" : {
    "bpm" : 83,
    "confidence" : 1
  }
},{
  "dateTime" : "07/09/18 11:16:59",
  "value" : {
    "bpm" : 83,
    "confidence" : 1
  }
},{
  "dateTime" : "07/09/18 11:17:02",
  "value" : {
    "bpm" : 83,
    "confidence" : 1
  }
},{
  "dateTime" : "07/09/18 11:17:05",
  "value" : {
    "bpm" : 83,
    "confidence" : 1
  }
},{
  "dateTime" : "07/09/18 11:17:08",
  "value" : {
    "bpm" : 83,
    "confidence" : 1
  }
},{
  "dateTime" : "07/09/18 11:17:10",
  "value" : {
    "bpm" : 82,
    "confidence" : 1
  }
},{
  "dateTime" : "07/09/18 11:17:16",
  "value" : {
    "bpm" : 82,
    "confidence" : 1
  }
},{
  "dateTime" : "07/09/18 11:17:18",
  "value" : {
    "bpm" : 83,
    "confidence" : 1
  }
},{
  "dateTime" : "07/09/18 11:17:21",
  "value" : {
    "bpm" : 83,
    "confidence" : 1
  }
},{
  "dateTime" : "07/09/18 11:17:24",
  "value" : {
    "bpm" : 83,
    "confidence" : 1
  }
},{
  "dateTime" : "07/09/18 11:17:27",
  "value" : {
    "bpm" : 83,
    "confidence" : 1
  }
},{
  "dateTime" : "07/09/18 11:17:58",
  "value" : {
    "bpm" : 70,
    "confidence" : 0
  }
},{
  "dateTime" : "07/09/18 11:20:16",
  "value" : {
    "bpm" : 70,
    "confidence" : 0
  }
},{
  "dateTime" : "07/09/18 11:21:12",
  "value" : {
    "bpm" : 70,
    "confidence" : 0
  }
},{
  "dateTime" : "07/09/18 11:21:15",
  "value" : {
    "bpm" : 70,
    "confidence" : 0
  }
},{
  "dateTime" : "07/09/18 11:21:23",
  "value" : {
    "bpm" : 70,
    "confidence" : 0
  }
},{
  "dateTime" : "07/09/18 11:21:26",
  "value" : {
    "bpm" : 70,
    "confidence" : 0
  }
},{
  "dateTime" : "07/09/18 11:21:34",
  "value" : {
    "bpm" : 70,
    "confidence" : 0
  }
},{
  "dateTime" : "07/09/18 11:21:39",
  "value" : {
    "bpm" : 70,
    "confidence" : 0
  }
},{
  "dateTime" : "07/09/18 11:23:53",
  "value" : {
    "bpm" : 70,
    "confidence" : 0
  }
},{
  "dateTime" : "07/09/18 11:27:02",
  "value" : {
    "bpm" : 70,
    "confidence" : 0
  }
},{
  "dateTime" : "07/09/18 11:27:38",
  "value" : {
    "bpm" : 70,
    "confidence" : 0
  }
},{
  "dateTime" : "07/09/18 11:27:49",
  "value" : {
    "bpm" : 70,
    "confidence" : 0
  }
},{
  "dateTime" : "07/09/18 11:32:55",
  "value" : {
    "bpm" : 70,
    "confidence" : 0
  }
},{
  "dateTime" : "07/09/18 11:33:27",
  "value" : {
    "bpm" : 70,
    "confidence" : 0
  }
},{
  "dateTime" : "07/09/18 11:33:39",
  "value" : {
    "bpm" : 70,
    "confidence" : 0
  }
},{
  "dateTime" : "07/09/18 11:33:45",
  "value" : {
    "bpm" : 70,
    "confidence" : 0
  }
},{
  "dateTime" : "07/09/18 11:33:46",
  "value" : {
    "bpm" : 64,
    "confidence" : 0
  }
},{
  "dateTime" : "07/09/18 11:33:54",
  "value" : {
    "bpm" : 64,
    "confidence" : 0
  }
},{
  "dateTime" : "07/09/18 11:33:55",
  "value" : {
    "bpm" : 69,
    "confidence" : 0
  }
},{
  "dateTime" : "07/09/18 11:34:17",
  "value" : {
    "bpm" : 70,
    "confidence" : 0
  }
},{
  "dateTime" : "07/09/18 11:34:26",
  "value" : {
    "bpm" : 70,
    "confidence" : 0
  }
},{
  "dateTime" : "07/09/18 11:34:28",
  "value" : {
    "bpm" : 74,
    "confidence" : 0
  }
},{
  "dateTime" : "07/09/18 11:34:30",
  "value" : {
    "bpm" : 73,
    "confidence" : 0
  }
},{
  "dateTime" : "07/09/18 11:34:32",
  "value" : {
    "bpm" : 80,
    "confidence" : 0
  }
},{
  "dateTime" : "07/09/18 11:34:48",
  "value" : {
    "bpm" : 70,
    "confidence" : 0
  }
},{
  "dateTime" : "07/09/18 11:35:03",
  "value" : {
    "bpm" : 70,
    "confidence" : 0
  }
},{
  "dateTime" : "07/09/18 11:39:49",
  "value" : {
    "bpm" : 70,
    "confidence" : 0
  }
},{
  "dateTime" : "07/09/18 11:43:37",
  "value" : {
    "bpm" : 70,
    "confidence" : 0
  }
},{
  "dateTime" : "07/09/18 12:01:33",
  "value" : {
    "bpm" : 70,
    "confidence" : 0
  }
},{
  "dateTime" : "07/09/18 12:01:43",
  "value" : {
    "bpm" : 70,
    "confidence" : 0
  }
},{
  "dateTime" : "07/09/18 12:01:45",
  "value" : {
    "bpm" : 63,
    "confidence" : 0
  }
},{
  "dateTime" : "07/09/18 12:01:49",
  "value" : {
    "bpm" : 69,
    "confidence" : 0
  }
},{
  "dateTime" : "07/09/18 12:01:52",
  "value" : {
    "bpm" : 69,
    "confidence" : 0
  }
},{
  "dateTime" : "07/09/18 12:01:53",
  "value" : {
    "bpm" : 71,
    "confidence" : 0
  }
},{
  "dateTime" : "07/09/18 12:02:01",
  "value" : {
    "bpm" : 71,
    "confidence" : 0
  }
},{
  "dateTime" : "07/09/18 12:02:02",
  "value" : {
    "bpm" : 71,
    "confidence" : 2
  }
},{
  "dateTime" : "07/09/18 12:02:32",
  "value" : {
    "bpm" : 70,
    "confidence" : 0
  }
},{
  "dateTime" : "07/09/18 12:02:37",
  "value" : {
    "bpm" : 70,
    "confidence" : 0
  }
},{
  "dateTime" : "07/09/18 12:03:18",
  "value" : {
    "bpm" : 70,
    "confidence" : 0
  }
},{
  "dateTime" : "07/09/18 12:08:51",
  "value" : {
    "bpm" : 70,
    "confidence" : 0
  }
},{
  "dateTime" : "07/09/18 12:10:55",
  "value" : {
    "bpm" : 70,
    "confidence" : 0
  }
},{
  "dateTime" : "07/09/18 12:11:14",
  "value" : {
    "bpm" : 70,
    "confidence" : 0
  }
},{
  "dateTime" : "07/09/18 12:13:25",
  "value" : {
    "bpm" : 70,
    "confidence" : 0
  }
},{
  "dateTime" : "07/09/18 12:19:57",
  "value" : {
    "bpm" : 70,
    "confidence" : 0
  }
},{
  "dateTime" : "07/09/18 12:20:31",
  "value" : {
    "bpm" : 70,
    "confidence" : 0
  }
},{
  "dateTime" : "07/09/18 12:20:53",
  "value" : {
    "bpm" : 70,
    "confidence" : 0
  }
}]