[{
  "dateTime" : "07/18/18 15:44:39",
  "value" : {
    "bpm" : 70,
    "confidence" : 0
  }
},{
  "dateTime" : "07/18/18 15:44:42",
  "value" : {
    "bpm" : 70,
    "confidence" : 0
  }
},{
  "dateTime" : "07/18/18 15:44:45",
  "value" : {
    "bpm" : 70,
    "confidence" : 0
  }
},{
  "dateTime" : "07/18/18 15:44:48",
  "value" : {
    "bpm" : 70,
    "confidence" : 0
  }
},{
  "dateTime" : "07/18/18 15:44:51",
  "value" : {
    "bpm" : 70,
    "confidence" : 0
  }
},{
  "dateTime" : "07/18/18 15:44:52",
  "value" : {
    "bpm" : 68,
    "confidence" : 0
  }
},{
  "dateTime" : "07/18/18 15:44:55",
  "value" : {
    "bpm" : 73,
    "confidence" : 0
  }
},{
  "dateTime" : "07/18/18 15:44:58",
  "value" : {
    "bpm" : 80,
    "confidence" : 0
  }
},{
  "dateTime" : "07/18/18 15:45:00",
  "value" : {
    "bpm" : 86,
    "confidence" : 0
  }
},{
  "dateTime" : "07/18/18 15:45:02",
  "value" : {
    "bpm" : 85,
    "confidence" : 0
  }
},{
  "dateTime" : "07/18/18 15:45:05",
  "value" : {
    "bpm" : 85,
    "confidence" : 0
  }
},{
  "dateTime" : "07/18/18 15:45:08",
  "value" : {
    "bpm" : 85,
    "confidence" : 0
  }
},{
  "dateTime" : "07/18/18 15:45:11",
  "value" : {
    "bpm" : 85,
    "confidence" : 0
  }
},{
  "dateTime" : "07/18/18 15:45:14",
  "value" : {
    "bpm" : 85,
    "confidence" : 0
  }
},{
  "dateTime" : "07/18/18 15:45:17",
  "value" : {
    "bpm" : 88,
    "confidence" : 0
  }
},{
  "dateTime" : "07/18/18 15:45:18",
  "value" : {
    "bpm" : 92,
    "confidence" : 0
  }
},{
  "dateTime" : "07/18/18 15:45:19",
  "value" : {
    "bpm" : 92,
    "confidence" : 1
  }
},{
  "dateTime" : "07/18/18 15:45:21",
  "value" : {
    "bpm" : 97,
    "confidence" : 1
  }
},{
  "dateTime" : "07/18/18 15:45:23",
  "value" : {
    "bpm" : 105,
    "confidence" : 1
  }
},{
  "dateTime" : "07/18/18 15:45:26",
  "value" : {
    "bpm" : 105,
    "confidence" : 1
  }
},{
  "dateTime" : "07/18/18 15:45:29",
  "value" : {
    "bpm" : 105,
    "confidence" : 1
  }
},{
  "dateTime" : "07/18/18 15:45:32",
  "value" : {
    "bpm" : 105,
    "confidence" : 1
  }
},{
  "dateTime" : "07/18/18 15:45:35",
  "value" : {
    "bpm" : 105,
    "confidence" : 1
  }
},{
  "dateTime" : "07/18/18 15:45:38",
  "value" : {
    "bpm" : 105,
    "confidence" : 1
  }
},{
  "dateTime" : "07/18/18 15:45:41",
  "value" : {
    "bpm" : 105,
    "confidence" : 1
  }
},{
  "dateTime" : "07/18/18 15:45:44",
  "value" : {
    "bpm" : 105,
    "confidence" : 1
  }
},{
  "dateTime" : "07/18/18 15:45:45",
  "value" : {
    "bpm" : 105,
    "confidence" : 1
  }
},{
  "dateTime" : "07/18/18 15:45:48",
  "value" : {
    "bpm" : 105,
    "confidence" : 1
  }
},{
  "dateTime" : "07/18/18 15:45:51",
  "value" : {
    "bpm" : 105,
    "confidence" : 1
  }
},{
  "dateTime" : "07/18/18 15:45:52",
  "value" : {
    "bpm" : 107,
    "confidence" : 1
  }
},{
  "dateTime" : "07/18/18 15:45:53",
  "value" : {
    "bpm" : 108,
    "confidence" : 1
  }
},{
  "dateTime" : "07/18/18 15:45:54",
  "value" : {
    "bpm" : 110,
    "confidence" : 1
  }
},{
  "dateTime" : "07/18/18 15:45:55",
  "value" : {
    "bpm" : 113,
    "confidence" : 1
  }
},{
  "dateTime" : "07/18/18 15:45:57",
  "value" : {
    "bpm" : 114,
    "confidence" : 1
  }
},{
  "dateTime" : "07/18/18 15:45:58",
  "value" : {
    "bpm" : 115,
    "confidence" : 1
  }
},{
  "dateTime" : "07/18/18 15:46:01",
  "value" : {
    "bpm" : 115,
    "confidence" : 1
  }
},{
  "dateTime" : "07/18/18 15:46:04",
  "value" : {
    "bpm" : 115,
    "confidence" : 1
  }
},{
  "dateTime" : "07/18/18 15:46:07",
  "value" : {
    "bpm" : 114,
    "confidence" : 1
  }
},{
  "dateTime" : "07/18/18 15:46:08",
  "value" : {
    "bpm" : 111,
    "confidence" : 1
  }
},{
  "dateTime" : "07/18/18 15:46:09",
  "value" : {
    "bpm" : 108,
    "confidence" : 1
  }
},{
  "dateTime" : "07/18/18 15:46:10",
  "value" : {
    "bpm" : 106,
    "confidence" : 1
  }
},{
  "dateTime" : "07/18/18 15:46:13",
  "value" : {
    "bpm" : 106,
    "confidence" : 1
  }
},{
  "dateTime" : "07/18/18 15:46:15",
  "value" : {
    "bpm" : 104,
    "confidence" : 1
  }
},{
  "dateTime" : "07/18/18 15:46:16",
  "value" : {
    "bpm" : 104,
    "confidence" : 0
  }
},{
  "dateTime" : "07/18/18 15:46:19",
  "value" : {
    "bpm" : 104,
    "confidence" : 0
  }
},{
  "dateTime" : "07/18/18 15:46:22",
  "value" : {
    "bpm" : 104,
    "confidence" : 0
  }
},{
  "dateTime" : "07/18/18 15:46:24",
  "value" : {
    "bpm" : 102,
    "confidence" : 0
  }
},{
  "dateTime" : "07/18/18 15:46:25",
  "value" : {
    "bpm" : 100,
    "confidence" : 0
  }
},{
  "dateTime" : "07/18/18 15:46:27",
  "value" : {
    "bpm" : 99,
    "confidence" : 0
  }
},{
  "dateTime" : "07/18/18 15:46:30",
  "value" : {
    "bpm" : 98,
    "confidence" : 0
  }
},{
  "dateTime" : "07/18/18 15:46:33",
  "value" : {
    "bpm" : 98,
    "confidence" : 0
  }
},{
  "dateTime" : "07/18/18 15:46:34",
  "value" : {
    "bpm" : 96,
    "confidence" : 0
  }
},{
  "dateTime" : "07/18/18 15:46:37",
  "value" : {
    "bpm" : 97,
    "confidence" : 0
  }
},{
  "dateTime" : "07/18/18 15:46:38",
  "value" : {
    "bpm" : 97,
    "confidence" : 0
  }
},{
  "dateTime" : "07/18/18 15:46:40",
  "value" : {
    "bpm" : 97,
    "confidence" : 1
  }
},{
  "dateTime" : "07/18/18 15:46:42",
  "value" : {
    "bpm" : 93,
    "confidence" : 1
  }
},{
  "dateTime" : "07/18/18 15:46:44",
  "value" : {
    "bpm" : 90,
    "confidence" : 1
  }
},{
  "dateTime" : "07/18/18 15:46:47",
  "value" : {
    "bpm" : 90,
    "confidence" : 1
  }
},{
  "dateTime" : "07/18/18 15:46:50",
  "value" : {
    "bpm" : 90,
    "confidence" : 1
  }
},{
  "dateTime" : "07/18/18 15:46:53",
  "value" : {
    "bpm" : 90,
    "confidence" : 1
  }
},{
  "dateTime" : "07/18/18 15:46:56",
  "value" : {
    "bpm" : 90,
    "confidence" : 1
  }
},{
  "dateTime" : "07/18/18 15:46:59",
  "value" : {
    "bpm" : 89,
    "confidence" : 1
  }
},{
  "dateTime" : "07/18/18 15:47:01",
  "value" : {
    "bpm" : 87,
    "confidence" : 0
  }
},{
  "dateTime" : "07/18/18 15:47:02",
  "value" : {
    "bpm" : 84,
    "confidence" : 0
  }
},{
  "dateTime" : "07/18/18 15:47:03",
  "value" : {
    "bpm" : 65,
    "confidence" : 3
  }
},{
  "dateTime" : "07/18/18 15:47:04",
  "value" : {
    "bpm" : 61,
    "confidence" : 3
  }
},{
  "dateTime" : "07/18/18 15:47:05",
  "value" : {
    "bpm" : 60,
    "confidence" : 3
  }
},{
  "dateTime" : "07/18/18 15:47:06",
  "value" : {
    "bpm" : 60,
    "confidence" : 2
  }
},{
  "dateTime" : "07/18/18 15:47:09",
  "value" : {
    "bpm" : 60,
    "confidence" : 2
  }
},{
  "dateTime" : "07/18/18 15:47:12",
  "value" : {
    "bpm" : 60,
    "confidence" : 2
  }
},{
  "dateTime" : "07/18/18 15:47:15",
  "value" : {
    "bpm" : 60,
    "confidence" : 2
  }
},{
  "dateTime" : "07/18/18 15:47:18",
  "value" : {
    "bpm" : 59,
    "confidence" : 2
  }
},{
  "dateTime" : "07/18/18 15:47:21",
  "value" : {
    "bpm" : 59,
    "confidence" : 2
  }
},{
  "dateTime" : "07/18/18 15:47:24",
  "value" : {
    "bpm" : 59,
    "confidence" : 2
  }
},{
  "dateTime" : "07/18/18 15:47:27",
  "value" : {
    "bpm" : 59,
    "confidence" : 2
  }
},{
  "dateTime" : "07/18/18 15:47:30",
  "value" : {
    "bpm" : 59,
    "confidence" : 2
  }
},{
  "dateTime" : "07/18/18 15:47:33",
  "value" : {
    "bpm" : 59,
    "confidence" : 2
  }
},{
  "dateTime" : "07/18/18 15:47:36",
  "value" : {
    "bpm" : 59,
    "confidence" : 2
  }
},{
  "dateTime" : "07/18/18 15:47:37",
  "value" : {
    "bpm" : 59,
    "confidence" : 2
  }
},{
  "dateTime" : "07/18/18 15:47:40",
  "value" : {
    "bpm" : 59,
    "confidence" : 2
  }
},{
  "dateTime" : "07/18/18 15:47:43",
  "value" : {
    "bpm" : 59,
    "confidence" : 2
  }
},{
  "dateTime" : "07/18/18 15:47:46",
  "value" : {
    "bpm" : 59,
    "confidence" : 2
  }
},{
  "dateTime" : "07/18/18 15:47:49",
  "value" : {
    "bpm" : 59,
    "confidence" : 2
  }
},{
  "dateTime" : "07/18/18 15:47:52",
  "value" : {
    "bpm" : 59,
    "confidence" : 2
  }
},{
  "dateTime" : "07/18/18 15:47:55",
  "value" : {
    "bpm" : 59,
    "confidence" : 2
  }
},{
  "dateTime" : "07/18/18 15:47:58",
  "value" : {
    "bpm" : 59,
    "confidence" : 2
  }
},{
  "dateTime" : "07/18/18 15:48:01",
  "value" : {
    "bpm" : 59,
    "confidence" : 2
  }
},{
  "dateTime" : "07/18/18 15:48:04",
  "value" : {
    "bpm" : 59,
    "confidence" : 2
  }
},{
  "dateTime" : "07/18/18 15:48:07",
  "value" : {
    "bpm" : 59,
    "confidence" : 2
  }
},{
  "dateTime" : "07/18/18 15:48:08",
  "value" : {
    "bpm" : 60,
    "confidence" : 2
  }
},{
  "dateTime" : "07/18/18 15:48:11",
  "value" : {
    "bpm" : 60,
    "confidence" : 2
  }
},{
  "dateTime" : "07/18/18 15:48:14",
  "value" : {
    "bpm" : 60,
    "confidence" : 2
  }
},{
  "dateTime" : "07/18/18 15:48:17",
  "value" : {
    "bpm" : 60,
    "confidence" : 2
  }
},{
  "dateTime" : "07/18/18 15:48:18",
  "value" : {
    "bpm" : 60,
    "confidence" : 3
  }
},{
  "dateTime" : "07/18/18 15:48:21",
  "value" : {
    "bpm" : 60,
    "confidence" : 3
  }
},{
  "dateTime" : "07/18/18 15:48:24",
  "value" : {
    "bpm" : 60,
    "confidence" : 3
  }
},{
  "dateTime" : "07/18/18 15:48:27",
  "value" : {
    "bpm" : 60,
    "confidence" : 3
  }
},{
  "dateTime" : "07/18/18 15:48:28",
  "value" : {
    "bpm" : 61,
    "confidence" : 3
  }
},{
  "dateTime" : "07/18/18 15:48:30",
  "value" : {
    "bpm" : 61,
    "confidence" : 2
  }
},{
  "dateTime" : "07/18/18 15:48:33",
  "value" : {
    "bpm" : 61,
    "confidence" : 2
  }
},{
  "dateTime" : "07/18/18 15:48:36",
  "value" : {
    "bpm" : 61,
    "confidence" : 2
  }
},{
  "dateTime" : "07/18/18 15:48:39",
  "value" : {
    "bpm" : 61,
    "confidence" : 2
  }
},{
  "dateTime" : "07/18/18 15:48:42",
  "value" : {
    "bpm" : 61,
    "confidence" : 2
  }
},{
  "dateTime" : "07/18/18 15:48:45",
  "value" : {
    "bpm" : 61,
    "confidence" : 2
  }
},{
  "dateTime" : "07/18/18 15:48:48",
  "value" : {
    "bpm" : 61,
    "confidence" : 2
  }
},{
  "dateTime" : "07/18/18 15:48:49",
  "value" : {
    "bpm" : 61,
    "confidence" : 2
  }
},{
  "dateTime" : "07/18/18 15:48:52",
  "value" : {
    "bpm" : 61,
    "confidence" : 2
  }
},{
  "dateTime" : "07/18/18 15:48:55",
  "value" : {
    "bpm" : 61,
    "confidence" : 2
  }
},{
  "dateTime" : "07/18/18 15:48:58",
  "value" : {
    "bpm" : 61,
    "confidence" : 2
  }
},{
  "dateTime" : "07/18/18 15:49:01",
  "value" : {
    "bpm" : 61,
    "confidence" : 2
  }
},{
  "dateTime" : "07/18/18 15:49:04",
  "value" : {
    "bpm" : 61,
    "confidence" : 2
  }
},{
  "dateTime" : "07/18/18 15:49:07",
  "value" : {
    "bpm" : 61,
    "confidence" : 2
  }
},{
  "dateTime" : "07/18/18 15:49:10",
  "value" : {
    "bpm" : 61,
    "confidence" : 2
  }
},{
  "dateTime" : "07/18/18 15:49:13",
  "value" : {
    "bpm" : 61,
    "confidence" : 2
  }
},{
  "dateTime" : "07/18/18 15:49:15",
  "value" : {
    "bpm" : 61,
    "confidence" : 3
  }
},{
  "dateTime" : "07/18/18 15:49:18",
  "value" : {
    "bpm" : 60,
    "confidence" : 3
  }
},{
  "dateTime" : "07/18/18 15:49:20",
  "value" : {
    "bpm" : 59,
    "confidence" : 3
  }
},{
  "dateTime" : "07/18/18 15:49:23",
  "value" : {
    "bpm" : 59,
    "confidence" : 3
  }
},{
  "dateTime" : "07/18/18 15:49:25",
  "value" : {
    "bpm" : 59,
    "confidence" : 2
  }
},{
  "dateTime" : "07/18/18 15:49:28",
  "value" : {
    "bpm" : 59,
    "confidence" : 2
  }
},{
  "dateTime" : "07/18/18 15:49:31",
  "value" : {
    "bpm" : 58,
    "confidence" : 2
  }
},{
  "dateTime" : "07/18/18 15:49:34",
  "value" : {
    "bpm" : 58,
    "confidence" : 2
  }
},{
  "dateTime" : "07/18/18 15:49:37",
  "value" : {
    "bpm" : 58,
    "confidence" : 2
  }
},{
  "dateTime" : "07/18/18 15:49:40",
  "value" : {
    "bpm" : 58,
    "confidence" : 2
  }
},{
  "dateTime" : "07/18/18 15:49:43",
  "value" : {
    "bpm" : 58,
    "confidence" : 2
  }
},{
  "dateTime" : "07/18/18 15:49:46",
  "value" : {
    "bpm" : 58,
    "confidence" : 2
  }
},{
  "dateTime" : "07/18/18 15:49:48",
  "value" : {
    "bpm" : 58,
    "confidence" : 3
  }
},{
  "dateTime" : "07/18/18 15:49:51",
  "value" : {
    "bpm" : 57,
    "confidence" : 3
  }
},{
  "dateTime" : "07/18/18 15:49:53",
  "value" : {
    "bpm" : 58,
    "confidence" : 3
  }
},{
  "dateTime" : "07/18/18 15:49:54",
  "value" : {
    "bpm" : 58,
    "confidence" : 2
  }
},{
  "dateTime" : "07/18/18 15:49:57",
  "value" : {
    "bpm" : 58,
    "confidence" : 2
  }
},{
  "dateTime" : "07/18/18 15:50:00",
  "value" : {
    "bpm" : 57,
    "confidence" : 2
  }
},{
  "dateTime" : "07/18/18 15:50:01",
  "value" : {
    "bpm" : 57,
    "confidence" : 2
  }
},{
  "dateTime" : "07/18/18 15:50:04",
  "value" : {
    "bpm" : 57,
    "confidence" : 2
  }
},{
  "dateTime" : "07/18/18 15:50:07",
  "value" : {
    "bpm" : 57,
    "confidence" : 2
  }
},{
  "dateTime" : "07/18/18 15:50:10",
  "value" : {
    "bpm" : 57,
    "confidence" : 2
  }
},{
  "dateTime" : "07/18/18 15:50:13",
  "value" : {
    "bpm" : 57,
    "confidence" : 2
  }
},{
  "dateTime" : "07/18/18 15:50:15",
  "value" : {
    "bpm" : 58,
    "confidence" : 2
  }
},{
  "dateTime" : "07/18/18 15:50:18",
  "value" : {
    "bpm" : 58,
    "confidence" : 2
  }
},{
  "dateTime" : "07/18/18 15:50:21",
  "value" : {
    "bpm" : 58,
    "confidence" : 2
  }
},{
  "dateTime" : "07/18/18 15:50:24",
  "value" : {
    "bpm" : 58,
    "confidence" : 2
  }
},{
  "dateTime" : "07/18/18 15:50:27",
  "value" : {
    "bpm" : 58,
    "confidence" : 2
  }
},{
  "dateTime" : "07/18/18 15:50:30",
  "value" : {
    "bpm" : 58,
    "confidence" : 2
  }
},{
  "dateTime" : "07/18/18 15:50:33",
  "value" : {
    "bpm" : 58,
    "confidence" : 2
  }
},{
  "dateTime" : "07/18/18 15:50:36",
  "value" : {
    "bpm" : 58,
    "confidence" : 2
  }
},{
  "dateTime" : "07/18/18 15:50:39",
  "value" : {
    "bpm" : 58,
    "confidence" : 2
  }
},{
  "dateTime" : "07/18/18 15:50:42",
  "value" : {
    "bpm" : 58,
    "confidence" : 2
  }
},{
  "dateTime" : "07/18/18 15:50:44",
  "value" : {
    "bpm" : 58,
    "confidence" : 1
  }
},{
  "dateTime" : "07/18/18 15:50:47",
  "value" : {
    "bpm" : 58,
    "confidence" : 1
  }
},{
  "dateTime" : "07/18/18 15:50:50",
  "value" : {
    "bpm" : 58,
    "confidence" : 1
  }
},{
  "dateTime" : "07/18/18 15:50:53",
  "value" : {
    "bpm" : 58,
    "confidence" : 1
  }
},{
  "dateTime" : "07/18/18 15:50:56",
  "value" : {
    "bpm" : 58,
    "confidence" : 1
  }
},{
  "dateTime" : "07/18/18 15:50:59",
  "value" : {
    "bpm" : 58,
    "confidence" : 1
  }
},{
  "dateTime" : "07/18/18 15:51:02",
  "value" : {
    "bpm" : 58,
    "confidence" : 1
  }
},{
  "dateTime" : "07/18/18 15:51:03",
  "value" : {
    "bpm" : 59,
    "confidence" : 1
  }
},{
  "dateTime" : "07/18/18 15:51:06",
  "value" : {
    "bpm" : 59,
    "confidence" : 1
  }
},{
  "dateTime" : "07/18/18 15:51:07",
  "value" : {
    "bpm" : 59,
    "confidence" : 2
  }
},{
  "dateTime" : "07/18/18 15:51:09",
  "value" : {
    "bpm" : 58,
    "confidence" : 3
  }
},{
  "dateTime" : "07/18/18 15:51:10",
  "value" : {
    "bpm" : 58,
    "confidence" : 2
  }
},{
  "dateTime" : "07/18/18 15:51:11",
  "value" : {
    "bpm" : 58,
    "confidence" : 2
  }
},{
  "dateTime" : "07/18/18 15:51:14",
  "value" : {
    "bpm" : 59,
    "confidence" : 3
  }
},{
  "dateTime" : "07/18/18 15:51:17",
  "value" : {
    "bpm" : 59,
    "confidence" : 3
  }
},{
  "dateTime" : "07/18/18 15:51:20",
  "value" : {
    "bpm" : 59,
    "confidence" : 3
  }
},{
  "dateTime" : "07/18/18 15:51:23",
  "value" : {
    "bpm" : 59,
    "confidence" : 3
  }
},{
  "dateTime" : "07/18/18 15:51:26",
  "value" : {
    "bpm" : 59,
    "confidence" : 2
  }
},{
  "dateTime" : "07/18/18 15:51:27",
  "value" : {
    "bpm" : 59,
    "confidence" : 3
  }
},{
  "dateTime" : "07/18/18 15:51:29",
  "value" : {
    "bpm" : 59,
    "confidence" : 2
  }
},{
  "dateTime" : "07/18/18 15:51:30",
  "value" : {
    "bpm" : 59,
    "confidence" : 3
  }
},{
  "dateTime" : "07/18/18 15:51:32",
  "value" : {
    "bpm" : 58,
    "confidence" : 3
  }
},{
  "dateTime" : "07/18/18 15:51:35",
  "value" : {
    "bpm" : 57,
    "confidence" : 3
  }
},{
  "dateTime" : "07/18/18 15:51:38",
  "value" : {
    "bpm" : 57,
    "confidence" : 3
  }
},{
  "dateTime" : "07/18/18 15:51:41",
  "value" : {
    "bpm" : 57,
    "confidence" : 3
  }
},{
  "dateTime" : "07/18/18 15:51:42",
  "value" : {
    "bpm" : 56,
    "confidence" : 3
  }
},{
  "dateTime" : "07/18/18 15:51:45",
  "value" : {
    "bpm" : 56,
    "confidence" : 2
  }
},{
  "dateTime" : "07/18/18 15:51:48",
  "value" : {
    "bpm" : 56,
    "confidence" : 2
  }
},{
  "dateTime" : "07/18/18 15:51:49",
  "value" : {
    "bpm" : 57,
    "confidence" : 2
  }
},{
  "dateTime" : "07/18/18 15:51:52",
  "value" : {
    "bpm" : 57,
    "confidence" : 2
  }
},{
  "dateTime" : "07/18/18 15:51:55",
  "value" : {
    "bpm" : 57,
    "confidence" : 2
  }
},{
  "dateTime" : "07/18/18 15:51:56",
  "value" : {
    "bpm" : 58,
    "confidence" : 3
  }
},{
  "dateTime" : "07/18/18 15:51:57",
  "value" : {
    "bpm" : 58,
    "confidence" : 2
  }
},{
  "dateTime" : "07/18/18 15:51:59",
  "value" : {
    "bpm" : 58,
    "confidence" : 3
  }
},{
  "dateTime" : "07/18/18 15:52:00",
  "value" : {
    "bpm" : 58,
    "confidence" : 2
  }
},{
  "dateTime" : "07/18/18 15:52:03",
  "value" : {
    "bpm" : 58,
    "confidence" : 2
  }
},{
  "dateTime" : "07/18/18 15:52:06",
  "value" : {
    "bpm" : 58,
    "confidence" : 2
  }
},{
  "dateTime" : "07/18/18 15:52:09",
  "value" : {
    "bpm" : 59,
    "confidence" : 2
  }
},{
  "dateTime" : "07/18/18 15:52:12",
  "value" : {
    "bpm" : 59,
    "confidence" : 2
  }
},{
  "dateTime" : "07/18/18 15:52:13",
  "value" : {
    "bpm" : 59,
    "confidence" : 2
  }
},{
  "dateTime" : "07/18/18 15:52:16",
  "value" : {
    "bpm" : 59,
    "confidence" : 2
  }
},{
  "dateTime" : "07/18/18 15:52:19",
  "value" : {
    "bpm" : 59,
    "confidence" : 2
  }
},{
  "dateTime" : "07/18/18 15:52:22",
  "value" : {
    "bpm" : 60,
    "confidence" : 2
  }
},{
  "dateTime" : "07/18/18 15:52:25",
  "value" : {
    "bpm" : 60,
    "confidence" : 2
  }
},{
  "dateTime" : "07/18/18 15:52:28",
  "value" : {
    "bpm" : 60,
    "confidence" : 2
  }
},{
  "dateTime" : "07/18/18 15:52:31",
  "value" : {
    "bpm" : 60,
    "confidence" : 2
  }
},{
  "dateTime" : "07/18/18 15:52:32",
  "value" : {
    "bpm" : 61,
    "confidence" : 2
  }
},{
  "dateTime" : "07/18/18 15:52:35",
  "value" : {
    "bpm" : 61,
    "confidence" : 2
  }
},{
  "dateTime" : "07/18/18 15:52:38",
  "value" : {
    "bpm" : 61,
    "confidence" : 2
  }
},{
  "dateTime" : "07/18/18 15:52:41",
  "value" : {
    "bpm" : 61,
    "confidence" : 2
  }
},{
  "dateTime" : "07/18/18 15:52:44",
  "value" : {
    "bpm" : 61,
    "confidence" : 2
  }
},{
  "dateTime" : "07/18/18 15:52:47",
  "value" : {
    "bpm" : 61,
    "confidence" : 2
  }
},{
  "dateTime" : "07/18/18 15:52:49",
  "value" : {
    "bpm" : 60,
    "confidence" : 2
  }
},{
  "dateTime" : "07/18/18 15:52:52",
  "value" : {
    "bpm" : 60,
    "confidence" : 2
  }
},{
  "dateTime" : "07/18/18 15:52:55",
  "value" : {
    "bpm" : 60,
    "confidence" : 2
  }
},{
  "dateTime" : "07/18/18 15:52:58",
  "value" : {
    "bpm" : 61,
    "confidence" : 2
  }
},{
  "dateTime" : "07/18/18 15:53:01",
  "value" : {
    "bpm" : 62,
    "confidence" : 2
  }
},{
  "dateTime" : "07/18/18 15:53:02",
  "value" : {
    "bpm" : 63,
    "confidence" : 1
  }
},{
  "dateTime" : "07/18/18 15:53:05",
  "value" : {
    "bpm" : 63,
    "confidence" : 1
  }
},{
  "dateTime" : "07/18/18 15:53:08",
  "value" : {
    "bpm" : 63,
    "confidence" : 2
  }
},{
  "dateTime" : "07/18/18 15:53:10",
  "value" : {
    "bpm" : 62,
    "confidence" : 2
  }
},{
  "dateTime" : "07/18/18 15:53:11",
  "value" : {
    "bpm" : 61,
    "confidence" : 2
  }
},{
  "dateTime" : "07/18/18 15:53:13",
  "value" : {
    "bpm" : 60,
    "confidence" : 1
  }
},{
  "dateTime" : "07/18/18 15:53:16",
  "value" : {
    "bpm" : 60,
    "confidence" : 1
  }
},{
  "dateTime" : "07/18/18 15:53:18",
  "value" : {
    "bpm" : 60,
    "confidence" : 2
  }
},{
  "dateTime" : "07/18/18 15:53:21",
  "value" : {
    "bpm" : 60,
    "confidence" : 2
  }
},{
  "dateTime" : "07/18/18 15:53:22",
  "value" : {
    "bpm" : 59,
    "confidence" : 2
  }
},{
  "dateTime" : "07/18/18 15:53:25",
  "value" : {
    "bpm" : 59,
    "confidence" : 2
  }
},{
  "dateTime" : "07/18/18 15:53:27",
  "value" : {
    "bpm" : 60,
    "confidence" : 3
  }
},{
  "dateTime" : "07/18/18 15:53:30",
  "value" : {
    "bpm" : 60,
    "confidence" : 3
  }
},{
  "dateTime" : "07/18/18 15:53:31",
  "value" : {
    "bpm" : 59,
    "confidence" : 3
  }
},{
  "dateTime" : "07/18/18 15:53:32",
  "value" : {
    "bpm" : 59,
    "confidence" : 2
  }
},{
  "dateTime" : "07/18/18 15:53:35",
  "value" : {
    "bpm" : 59,
    "confidence" : 2
  }
},{
  "dateTime" : "07/18/18 15:53:38",
  "value" : {
    "bpm" : 59,
    "confidence" : 2
  }
},{
  "dateTime" : "07/18/18 15:53:41",
  "value" : {
    "bpm" : 59,
    "confidence" : 2
  }
},{
  "dateTime" : "07/18/18 15:53:44",
  "value" : {
    "bpm" : 59,
    "confidence" : 2
  }
},{
  "dateTime" : "07/18/18 15:53:47",
  "value" : {
    "bpm" : 59,
    "confidence" : 2
  }
},{
  "dateTime" : "07/18/18 15:53:50",
  "value" : {
    "bpm" : 59,
    "confidence" : 2
  }
},{
  "dateTime" : "07/18/18 15:53:53",
  "value" : {
    "bpm" : 59,
    "confidence" : 2
  }
},{
  "dateTime" : "07/18/18 15:53:56",
  "value" : {
    "bpm" : 58,
    "confidence" : 2
  }
},{
  "dateTime" : "07/18/18 15:53:59",
  "value" : {
    "bpm" : 58,
    "confidence" : 2
  }
},{
  "dateTime" : "07/18/18 15:54:02",
  "value" : {
    "bpm" : 58,
    "confidence" : 2
  }
},{
  "dateTime" : "07/18/18 15:54:05",
  "value" : {
    "bpm" : 58,
    "confidence" : 2
  }
},{
  "dateTime" : "07/18/18 15:54:06",
  "value" : {
    "bpm" : 58,
    "confidence" : 3
  }
},{
  "dateTime" : "07/18/18 15:54:09",
  "value" : {
    "bpm" : 58,
    "confidence" : 3
  }
},{
  "dateTime" : "07/18/18 15:54:11",
  "value" : {
    "bpm" : 58,
    "confidence" : 2
  }
},{
  "dateTime" : "07/18/18 15:54:14",
  "value" : {
    "bpm" : 58,
    "confidence" : 2
  }
},{
  "dateTime" : "07/18/18 15:54:17",
  "value" : {
    "bpm" : 58,
    "confidence" : 2
  }
},{
  "dateTime" : "07/18/18 15:54:20",
  "value" : {
    "bpm" : 58,
    "confidence" : 2
  }
},{
  "dateTime" : "07/18/18 15:54:23",
  "value" : {
    "bpm" : 58,
    "confidence" : 2
  }
},{
  "dateTime" : "07/18/18 15:54:26",
  "value" : {
    "bpm" : 57,
    "confidence" : 2
  }
},{
  "dateTime" : "07/18/18 15:54:28",
  "value" : {
    "bpm" : 58,
    "confidence" : 2
  }
},{
  "dateTime" : "07/18/18 15:54:31",
  "value" : {
    "bpm" : 58,
    "confidence" : 2
  }
},{
  "dateTime" : "07/18/18 15:54:32",
  "value" : {
    "bpm" : 58,
    "confidence" : 2
  }
},{
  "dateTime" : "07/18/18 15:54:35",
  "value" : {
    "bpm" : 58,
    "confidence" : 2
  }
},{
  "dateTime" : "07/18/18 15:54:38",
  "value" : {
    "bpm" : 58,
    "confidence" : 2
  }
},{
  "dateTime" : "07/18/18 15:54:41",
  "value" : {
    "bpm" : 58,
    "confidence" : 2
  }
},{
  "dateTime" : "07/18/18 15:54:44",
  "value" : {
    "bpm" : 58,
    "confidence" : 2
  }
},{
  "dateTime" : "07/18/18 15:54:47",
  "value" : {
    "bpm" : 58,
    "confidence" : 2
  }
},{
  "dateTime" : "07/18/18 15:54:50",
  "value" : {
    "bpm" : 58,
    "confidence" : 2
  }
},{
  "dateTime" : "07/18/18 15:54:53",
  "value" : {
    "bpm" : 58,
    "confidence" : 2
  }
},{
  "dateTime" : "07/18/18 15:54:55",
  "value" : {
    "bpm" : 59,
    "confidence" : 3
  }
},{
  "dateTime" : "07/18/18 15:54:57",
  "value" : {
    "bpm" : 59,
    "confidence" : 2
  }
},{
  "dateTime" : "07/18/18 15:54:58",
  "value" : {
    "bpm" : 60,
    "confidence" : 2
  }
},{
  "dateTime" : "07/18/18 15:54:59",
  "value" : {
    "bpm" : 59,
    "confidence" : 2
  }
},{
  "dateTime" : "07/18/18 15:55:02",
  "value" : {
    "bpm" : 59,
    "confidence" : 2
  }
},{
  "dateTime" : "07/18/18 15:55:05",
  "value" : {
    "bpm" : 59,
    "confidence" : 2
  }
},{
  "dateTime" : "07/18/18 15:55:08",
  "value" : {
    "bpm" : 59,
    "confidence" : 2
  }
},{
  "dateTime" : "07/18/18 15:55:11",
  "value" : {
    "bpm" : 59,
    "confidence" : 2
  }
},{
  "dateTime" : "07/18/18 15:55:14",
  "value" : {
    "bpm" : 59,
    "confidence" : 2
  }
},{
  "dateTime" : "07/18/18 15:55:17",
  "value" : {
    "bpm" : 59,
    "confidence" : 2
  }
},{
  "dateTime" : "07/18/18 15:55:20",
  "value" : {
    "bpm" : 58,
    "confidence" : 2
  }
},{
  "dateTime" : "07/18/18 15:55:23",
  "value" : {
    "bpm" : 58,
    "confidence" : 2
  }
},{
  "dateTime" : "07/18/18 15:55:26",
  "value" : {
    "bpm" : 58,
    "confidence" : 2
  }
},{
  "dateTime" : "07/18/18 15:55:29",
  "value" : {
    "bpm" : 58,
    "confidence" : 2
  }
},{
  "dateTime" : "07/18/18 15:55:32",
  "value" : {
    "bpm" : 58,
    "confidence" : 2
  }
},{
  "dateTime" : "07/18/18 15:55:33",
  "value" : {
    "bpm" : 59,
    "confidence" : 2
  }
},{
  "dateTime" : "07/18/18 15:55:35",
  "value" : {
    "bpm" : 58,
    "confidence" : 2
  }
},{
  "dateTime" : "07/18/18 15:55:38",
  "value" : {
    "bpm" : 58,
    "confidence" : 2
  }
},{
  "dateTime" : "07/18/18 15:55:41",
  "value" : {
    "bpm" : 58,
    "confidence" : 2
  }
},{
  "dateTime" : "07/18/18 15:55:42",
  "value" : {
    "bpm" : 58,
    "confidence" : 2
  }
},{
  "dateTime" : "07/18/18 15:55:45",
  "value" : {
    "bpm" : 58,
    "confidence" : 2
  }
},{
  "dateTime" : "07/18/18 15:55:48",
  "value" : {
    "bpm" : 58,
    "confidence" : 2
  }
},{
  "dateTime" : "07/18/18 15:55:51",
  "value" : {
    "bpm" : 58,
    "confidence" : 2
  }
},{
  "dateTime" : "07/18/18 15:55:54",
  "value" : {
    "bpm" : 58,
    "confidence" : 2
  }
},{
  "dateTime" : "07/18/18 15:55:57",
  "value" : {
    "bpm" : 58,
    "confidence" : 2
  }
},{
  "dateTime" : "07/18/18 15:56:00",
  "value" : {
    "bpm" : 58,
    "confidence" : 2
  }
},{
  "dateTime" : "07/18/18 15:56:03",
  "value" : {
    "bpm" : 59,
    "confidence" : 2
  }
},{
  "dateTime" : "07/18/18 15:56:06",
  "value" : {
    "bpm" : 59,
    "confidence" : 2
  }
},{
  "dateTime" : "07/18/18 15:56:07",
  "value" : {
    "bpm" : 58,
    "confidence" : 2
  }
},{
  "dateTime" : "07/18/18 15:56:10",
  "value" : {
    "bpm" : 58,
    "confidence" : 2
  }
},{
  "dateTime" : "07/18/18 15:56:11",
  "value" : {
    "bpm" : 59,
    "confidence" : 2
  }
},{
  "dateTime" : "07/18/18 15:56:14",
  "value" : {
    "bpm" : 59,
    "confidence" : 2
  }
},{
  "dateTime" : "07/18/18 15:56:15",
  "value" : {
    "bpm" : 58,
    "confidence" : 2
  }
},{
  "dateTime" : "07/18/18 15:56:16",
  "value" : {
    "bpm" : 58,
    "confidence" : 3
  }
},{
  "dateTime" : "07/18/18 15:56:17",
  "value" : {
    "bpm" : 58,
    "confidence" : 2
  }
},{
  "dateTime" : "07/18/18 15:56:20",
  "value" : {
    "bpm" : 58,
    "confidence" : 2
  }
},{
  "dateTime" : "07/18/18 15:56:23",
  "value" : {
    "bpm" : 58,
    "confidence" : 2
  }
},{
  "dateTime" : "07/18/18 15:56:26",
  "value" : {
    "bpm" : 58,
    "confidence" : 2
  }
},{
  "dateTime" : "07/18/18 15:56:29",
  "value" : {
    "bpm" : 58,
    "confidence" : 2
  }
},{
  "dateTime" : "07/18/18 15:56:32",
  "value" : {
    "bpm" : 58,
    "confidence" : 2
  }
},{
  "dateTime" : "07/18/18 15:56:35",
  "value" : {
    "bpm" : 58,
    "confidence" : 2
  }
},{
  "dateTime" : "07/18/18 15:56:38",
  "value" : {
    "bpm" : 58,
    "confidence" : 2
  }
},{
  "dateTime" : "07/18/18 15:56:40",
  "value" : {
    "bpm" : 57,
    "confidence" : 2
  }
},{
  "dateTime" : "07/18/18 15:56:43",
  "value" : {
    "bpm" : 57,
    "confidence" : 2
  }
},{
  "dateTime" : "07/18/18 15:56:46",
  "value" : {
    "bpm" : 57,
    "confidence" : 2
  }
},{
  "dateTime" : "07/18/18 15:56:49",
  "value" : {
    "bpm" : 57,
    "confidence" : 2
  }
},{
  "dateTime" : "07/18/18 15:56:50",
  "value" : {
    "bpm" : 57,
    "confidence" : 2
  }
},{
  "dateTime" : "07/18/18 15:56:53",
  "value" : {
    "bpm" : 56,
    "confidence" : 2
  }
},{
  "dateTime" : "07/18/18 15:56:56",
  "value" : {
    "bpm" : 56,
    "confidence" : 2
  }
},{
  "dateTime" : "07/18/18 15:56:59",
  "value" : {
    "bpm" : 56,
    "confidence" : 2
  }
},{
  "dateTime" : "07/18/18 15:57:02",
  "value" : {
    "bpm" : 55,
    "confidence" : 2
  }
},{
  "dateTime" : "07/18/18 15:57:05",
  "value" : {
    "bpm" : 55,
    "confidence" : 2
  }
},{
  "dateTime" : "07/18/18 15:57:06",
  "value" : {
    "bpm" : 54,
    "confidence" : 2
  }
},{
  "dateTime" : "07/18/18 15:57:09",
  "value" : {
    "bpm" : 54,
    "confidence" : 2
  }
},{
  "dateTime" : "07/18/18 15:57:12",
  "value" : {
    "bpm" : 54,
    "confidence" : 2
  }
},{
  "dateTime" : "07/18/18 15:57:15",
  "value" : {
    "bpm" : 54,
    "confidence" : 2
  }
},{
  "dateTime" : "07/18/18 15:57:18",
  "value" : {
    "bpm" : 54,
    "confidence" : 2
  }
},{
  "dateTime" : "07/18/18 15:57:21",
  "value" : {
    "bpm" : 55,
    "confidence" : 2
  }
},{
  "dateTime" : "07/18/18 15:57:24",
  "value" : {
    "bpm" : 55,
    "confidence" : 2
  }
},{
  "dateTime" : "07/18/18 15:57:25",
  "value" : {
    "bpm" : 56,
    "confidence" : 2
  }
},{
  "dateTime" : "07/18/18 15:57:28",
  "value" : {
    "bpm" : 56,
    "confidence" : 2
  }
},{
  "dateTime" : "07/18/18 15:57:29",
  "value" : {
    "bpm" : 57,
    "confidence" : 2
  }
},{
  "dateTime" : "07/18/18 15:57:32",
  "value" : {
    "bpm" : 57,
    "confidence" : 2
  }
},{
  "dateTime" : "07/18/18 15:57:33",
  "value" : {
    "bpm" : 56,
    "confidence" : 2
  }
},{
  "dateTime" : "07/18/18 15:57:36",
  "value" : {
    "bpm" : 56,
    "confidence" : 2
  }
},{
  "dateTime" : "07/18/18 15:57:39",
  "value" : {
    "bpm" : 56,
    "confidence" : 2
  }
},{
  "dateTime" : "07/18/18 15:57:42",
  "value" : {
    "bpm" : 56,
    "confidence" : 2
  }
},{
  "dateTime" : "07/18/18 15:57:45",
  "value" : {
    "bpm" : 56,
    "confidence" : 2
  }
},{
  "dateTime" : "07/18/18 15:57:48",
  "value" : {
    "bpm" : 58,
    "confidence" : 3
  }
},{
  "dateTime" : "07/18/18 15:57:49",
  "value" : {
    "bpm" : 58,
    "confidence" : 2
  }
},{
  "dateTime" : "07/18/18 15:57:51",
  "value" : {
    "bpm" : 59,
    "confidence" : 2
  }
},{
  "dateTime" : "07/18/18 15:57:54",
  "value" : {
    "bpm" : 59,
    "confidence" : 2
  }
},{
  "dateTime" : "07/18/18 15:57:55",
  "value" : {
    "bpm" : 60,
    "confidence" : 2
  }
},{
  "dateTime" : "07/18/18 15:57:56",
  "value" : {
    "bpm" : 60,
    "confidence" : 2
  }
},{
  "dateTime" : "07/18/18 15:57:57",
  "value" : {
    "bpm" : 61,
    "confidence" : 2
  }
},{
  "dateTime" : "07/18/18 15:58:00",
  "value" : {
    "bpm" : 61,
    "confidence" : 2
  }
},{
  "dateTime" : "07/18/18 15:58:03",
  "value" : {
    "bpm" : 61,
    "confidence" : 2
  }
},{
  "dateTime" : "07/18/18 15:58:06",
  "value" : {
    "bpm" : 59,
    "confidence" : 3
  }
},{
  "dateTime" : "07/18/18 15:58:07",
  "value" : {
    "bpm" : 59,
    "confidence" : 2
  }
},{
  "dateTime" : "07/18/18 15:58:10",
  "value" : {
    "bpm" : 59,
    "confidence" : 2
  }
},{
  "dateTime" : "07/18/18 15:58:13",
  "value" : {
    "bpm" : 59,
    "confidence" : 2
  }
},{
  "dateTime" : "07/18/18 15:58:16",
  "value" : {
    "bpm" : 59,
    "confidence" : 2
  }
},{
  "dateTime" : "07/18/18 15:58:19",
  "value" : {
    "bpm" : 59,
    "confidence" : 2
  }
},{
  "dateTime" : "07/18/18 15:58:22",
  "value" : {
    "bpm" : 59,
    "confidence" : 2
  }
},{
  "dateTime" : "07/18/18 15:58:25",
  "value" : {
    "bpm" : 59,
    "confidence" : 2
  }
},{
  "dateTime" : "07/18/18 15:58:28",
  "value" : {
    "bpm" : 59,
    "confidence" : 2
  }
},{
  "dateTime" : "07/18/18 15:58:31",
  "value" : {
    "bpm" : 59,
    "confidence" : 2
  }
},{
  "dateTime" : "07/18/18 15:58:34",
  "value" : {
    "bpm" : 59,
    "confidence" : 2
  }
},{
  "dateTime" : "07/18/18 15:58:37",
  "value" : {
    "bpm" : 59,
    "confidence" : 2
  }
},{
  "dateTime" : "07/18/18 15:58:38",
  "value" : {
    "bpm" : 59,
    "confidence" : 3
  }
},{
  "dateTime" : "07/18/18 15:58:40",
  "value" : {
    "bpm" : 59,
    "confidence" : 2
  }
},{
  "dateTime" : "07/18/18 15:58:43",
  "value" : {
    "bpm" : 59,
    "confidence" : 2
  }
},{
  "dateTime" : "07/18/18 15:58:46",
  "value" : {
    "bpm" : 59,
    "confidence" : 2
  }
},{
  "dateTime" : "07/18/18 15:58:49",
  "value" : {
    "bpm" : 60,
    "confidence" : 2
  }
},{
  "dateTime" : "07/18/18 15:58:50",
  "value" : {
    "bpm" : 61,
    "confidence" : 3
  }
},{
  "dateTime" : "07/18/18 15:58:51",
  "value" : {
    "bpm" : 63,
    "confidence" : 3
  }
},{
  "dateTime" : "07/18/18 15:58:52",
  "value" : {
    "bpm" : 64,
    "confidence" : 3
  }
},{
  "dateTime" : "07/18/18 15:58:53",
  "value" : {
    "bpm" : 65,
    "confidence" : 3
  }
},{
  "dateTime" : "07/18/18 15:58:54",
  "value" : {
    "bpm" : 65,
    "confidence" : 2
  }
},{
  "dateTime" : "07/18/18 15:58:57",
  "value" : {
    "bpm" : 65,
    "confidence" : 2
  }
},{
  "dateTime" : "07/18/18 15:58:58",
  "value" : {
    "bpm" : 65,
    "confidence" : 2
  }
},{
  "dateTime" : "07/18/18 15:59:00",
  "value" : {
    "bpm" : 64,
    "confidence" : 2
  }
},{
  "dateTime" : "07/18/18 15:59:03",
  "value" : {
    "bpm" : 64,
    "confidence" : 2
  }
},{
  "dateTime" : "07/18/18 15:59:04",
  "value" : {
    "bpm" : 63,
    "confidence" : 2
  }
},{
  "dateTime" : "07/18/18 15:59:07",
  "value" : {
    "bpm" : 63,
    "confidence" : 2
  }
},{
  "dateTime" : "07/18/18 15:59:10",
  "value" : {
    "bpm" : 63,
    "confidence" : 2
  }
},{
  "dateTime" : "07/18/18 15:59:12",
  "value" : {
    "bpm" : 62,
    "confidence" : 3
  }
},{
  "dateTime" : "07/18/18 15:59:13",
  "value" : {
    "bpm" : 61,
    "confidence" : 3
  }
},{
  "dateTime" : "07/18/18 15:59:14",
  "value" : {
    "bpm" : 61,
    "confidence" : 2
  }
},{
  "dateTime" : "07/18/18 15:59:15",
  "value" : {
    "bpm" : 60,
    "confidence" : 2
  }
},{
  "dateTime" : "07/18/18 15:59:18",
  "value" : {
    "bpm" : 60,
    "confidence" : 2
  }
},{
  "dateTime" : "07/18/18 15:59:21",
  "value" : {
    "bpm" : 61,
    "confidence" : 2
  }
},{
  "dateTime" : "07/18/18 15:59:24",
  "value" : {
    "bpm" : 61,
    "confidence" : 2
  }
},{
  "dateTime" : "07/18/18 15:59:27",
  "value" : {
    "bpm" : 61,
    "confidence" : 2
  }
},{
  "dateTime" : "07/18/18 15:59:30",
  "value" : {
    "bpm" : 61,
    "confidence" : 2
  }
},{
  "dateTime" : "07/18/18 15:59:33",
  "value" : {
    "bpm" : 61,
    "confidence" : 2
  }
},{
  "dateTime" : "07/18/18 15:59:36",
  "value" : {
    "bpm" : 61,
    "confidence" : 2
  }
},{
  "dateTime" : "07/18/18 15:59:39",
  "value" : {
    "bpm" : 61,
    "confidence" : 2
  }
},{
  "dateTime" : "07/18/18 15:59:42",
  "value" : {
    "bpm" : 61,
    "confidence" : 2
  }
},{
  "dateTime" : "07/18/18 15:59:44",
  "value" : {
    "bpm" : 62,
    "confidence" : 3
  }
},{
  "dateTime" : "07/18/18 15:59:45",
  "value" : {
    "bpm" : 62,
    "confidence" : 2
  }
},{
  "dateTime" : "07/18/18 15:59:48",
  "value" : {
    "bpm" : 62,
    "confidence" : 2
  }
},{
  "dateTime" : "07/18/18 15:59:49",
  "value" : {
    "bpm" : 61,
    "confidence" : 2
  }
},{
  "dateTime" : "07/18/18 15:59:52",
  "value" : {
    "bpm" : 61,
    "confidence" : 2
  }
},{
  "dateTime" : "07/18/18 15:59:55",
  "value" : {
    "bpm" : 62,
    "confidence" : 3
  }
},{
  "dateTime" : "07/18/18 15:59:57",
  "value" : {
    "bpm" : 61,
    "confidence" : 3
  }
},{
  "dateTime" : "07/18/18 15:59:59",
  "value" : {
    "bpm" : 60,
    "confidence" : 3
  }
}]