[{
  "dateTime" : "07/07/18 00:00:00",
  "value" : "0"
},{
  "dateTime" : "07/08/18 00:00:00",
  "value" : "8"
},{
  "dateTime" : "07/09/18 00:00:00",
  "value" : "0"
},{
  "dateTime" : "07/10/18 00:00:00",
  "value" : "0"
},{
  "dateTime" : "07/11/18 00:00:00",
  "value" : "0"
},{
  "dateTime" : "07/12/18 00:00:00",
  "value" : "1"
},{
  "dateTime" : "07/13/18 00:00:00",
  "value" : "0"
},{
  "dateTime" : "07/14/18 00:00:00",
  "value" : "0"
},{
  "dateTime" : "07/15/18 00:00:00",
  "value" : "0"
},{
  "dateTime" : "07/16/18 00:00:00",
  "value" : "0"
},{
  "dateTime" : "07/17/18 00:00:00",
  "value" : "0"
},{
  "dateTime" : "07/18/18 00:00:00",
  "value" : "2"
},{
  "dateTime" : "07/19/18 00:00:00",
  "value" : "6"
},{
  "dateTime" : "07/20/18 00:00:00",
  "value" : "0"
},{
  "dateTime" : "07/21/18 00:00:00",
  "value" : "0"
},{
  "dateTime" : "07/22/18 00:00:00",
  "value" : "0"
},{
  "dateTime" : "07/23/18 00:00:00",
  "value" : "0"
},{
  "dateTime" : "07/24/18 00:00:00",
  "value" : "0"
},{
  "dateTime" : "07/25/18 00:00:00",
  "value" : "0"
},{
  "dateTime" : "07/26/18 00:00:00",
  "value" : "0"
},{
  "dateTime" : "07/27/18 00:00:00",
  "value" : "0"
},{
  "dateTime" : "07/28/18 00:00:00",
  "value" : "0"
},{
  "dateTime" : "07/29/18 00:00:00",
  "value" : "0"
},{
  "dateTime" : "07/30/18 00:00:00",
  "value" : "0"
},{
  "dateTime" : "07/31/18 00:00:00",
  "value" : "0"
},{
  "dateTime" : "08/01/18 00:00:00",
  "value" : "0"
},{
  "dateTime" : "08/02/18 00:00:00",
  "value" : "0"
},{
  "dateTime" : "08/03/18 00:00:00",
  "value" : "0"
},{
  "dateTime" : "08/04/18 00:00:00",
  "value" : "0"
},{
  "dateTime" : "08/05/18 00:00:00",
  "value" : "0"
}]