[{
  "dateTime" : "02/02/19 00:00:00",
  "value" : "197"
},{
  "dateTime" : "02/03/19 00:00:00",
  "value" : "204"
},{
  "dateTime" : "02/04/19 00:00:00",
  "value" : "259"
},{
  "dateTime" : "02/05/19 00:00:00",
  "value" : "238"
},{
  "dateTime" : "02/06/19 00:00:00",
  "value" : "302"
},{
  "dateTime" : "02/07/19 00:00:00",
  "value" : "112"
},{
  "dateTime" : "02/08/19 00:00:00",
  "value" : "178"
},{
  "dateTime" : "02/09/19 00:00:00",
  "value" : "210"
},{
  "dateTime" : "02/10/19 00:00:00",
  "value" : "200"
},{
  "dateTime" : "02/11/19 00:00:00",
  "value" : "130"
},{
  "dateTime" : "02/12/19 00:00:00",
  "value" : "98"
},{
  "dateTime" : "02/13/19 00:00:00",
  "value" : "136"
},{
  "dateTime" : "02/14/19 00:00:00",
  "value" : "114"
},{
  "dateTime" : "02/15/19 00:00:00",
  "value" : "180"
},{
  "dateTime" : "02/16/19 00:00:00",
  "value" : "189"
},{
  "dateTime" : "02/17/19 00:00:00",
  "value" : "242"
},{
  "dateTime" : "02/18/19 00:00:00",
  "value" : "246"
},{
  "dateTime" : "02/19/19 00:00:00",
  "value" : "202"
},{
  "dateTime" : "02/20/19 00:00:00",
  "value" : "261"
},{
  "dateTime" : "02/21/19 00:00:00",
  "value" : "225"
},{
  "dateTime" : "02/22/19 00:00:00",
  "value" : "246"
},{
  "dateTime" : "02/23/19 00:00:00",
  "value" : "213"
},{
  "dateTime" : "02/24/19 00:00:00",
  "value" : "176"
},{
  "dateTime" : "02/25/19 00:00:00",
  "value" : "176"
},{
  "dateTime" : "02/26/19 00:00:00",
  "value" : "159"
},{
  "dateTime" : "02/27/19 00:00:00",
  "value" : "233"
},{
  "dateTime" : "02/28/19 00:00:00",
  "value" : "180"
},{
  "dateTime" : "03/01/19 00:00:00",
  "value" : "171"
},{
  "dateTime" : "03/02/19 00:00:00",
  "value" : "127"
},{
  "dateTime" : "03/03/19 00:00:00",
  "value" : "121"
}]