[{
  "dateTime" : "08/06/18 00:00:00",
  "value" : "0"
},{
  "dateTime" : "08/07/18 00:00:00",
  "value" : "0"
},{
  "dateTime" : "08/08/18 00:00:00",
  "value" : "0"
},{
  "dateTime" : "08/09/18 00:00:00",
  "value" : "0"
},{
  "dateTime" : "08/10/18 00:00:00",
  "value" : "0"
},{
  "dateTime" : "08/11/18 00:00:00",
  "value" : "0"
},{
  "dateTime" : "08/12/18 00:00:00",
  "value" : "0"
},{
  "dateTime" : "08/13/18 00:00:00",
  "value" : "0"
},{
  "dateTime" : "08/14/18 00:00:00",
  "value" : "0"
},{
  "dateTime" : "08/15/18 00:00:00",
  "value" : "0"
},{
  "dateTime" : "08/16/18 00:00:00",
  "value" : "0"
},{
  "dateTime" : "08/17/18 00:00:00",
  "value" : "0"
},{
  "dateTime" : "08/18/18 00:00:00",
  "value" : "0"
},{
  "dateTime" : "08/19/18 00:00:00",
  "value" : "0"
},{
  "dateTime" : "08/20/18 00:00:00",
  "value" : "0"
},{
  "dateTime" : "08/21/18 00:00:00",
  "value" : "0"
},{
  "dateTime" : "08/22/18 00:00:00",
  "value" : "0"
},{
  "dateTime" : "08/23/18 00:00:00",
  "value" : "0"
},{
  "dateTime" : "08/24/18 00:00:00",
  "value" : "0"
},{
  "dateTime" : "08/25/18 00:00:00",
  "value" : "0"
},{
  "dateTime" : "08/26/18 00:00:00",
  "value" : "0"
},{
  "dateTime" : "08/27/18 00:00:00",
  "value" : "0"
},{
  "dateTime" : "08/28/18 00:00:00",
  "value" : "0"
},{
  "dateTime" : "08/29/18 00:00:00",
  "value" : "0"
},{
  "dateTime" : "08/30/18 00:00:00",
  "value" : "0"
},{
  "dateTime" : "08/31/18 00:00:00",
  "value" : "0"
},{
  "dateTime" : "09/01/18 00:00:00",
  "value" : "0"
},{
  "dateTime" : "09/02/18 00:00:00",
  "value" : "0"
},{
  "dateTime" : "09/03/18 00:00:00",
  "value" : "0"
},{
  "dateTime" : "09/04/18 00:00:00",
  "value" : "0"
}]