[{
  "dateTime" : "11/04/18 00:00:00",
  "value" : "212"
},{
  "dateTime" : "11/05/18 00:00:00",
  "value" : "138"
},{
  "dateTime" : "11/06/18 00:00:00",
  "value" : "133"
},{
  "dateTime" : "11/07/18 00:00:00",
  "value" : "222"
},{
  "dateTime" : "11/08/18 00:00:00",
  "value" : "131"
},{
  "dateTime" : "11/09/18 00:00:00",
  "value" : "121"
},{
  "dateTime" : "11/10/18 00:00:00",
  "value" : "126"
},{
  "dateTime" : "11/11/18 00:00:00",
  "value" : "120"
},{
  "dateTime" : "11/12/18 00:00:00",
  "value" : "111"
},{
  "dateTime" : "11/13/18 00:00:00",
  "value" : "116"
},{
  "dateTime" : "11/14/18 00:00:00",
  "value" : "125"
},{
  "dateTime" : "11/15/18 00:00:00",
  "value" : "129"
},{
  "dateTime" : "11/16/18 00:00:00",
  "value" : "104"
},{
  "dateTime" : "11/17/18 00:00:00",
  "value" : "101"
},{
  "dateTime" : "11/18/18 00:00:00",
  "value" : "137"
},{
  "dateTime" : "11/19/18 00:00:00",
  "value" : "99"
},{
  "dateTime" : "11/20/18 00:00:00",
  "value" : "109"
},{
  "dateTime" : "11/21/18 00:00:00",
  "value" : "98"
},{
  "dateTime" : "11/22/18 00:00:00",
  "value" : "232"
},{
  "dateTime" : "11/23/18 00:00:00",
  "value" : "218"
},{
  "dateTime" : "11/24/18 00:00:00",
  "value" : "87"
},{
  "dateTime" : "11/25/18 00:00:00",
  "value" : "116"
},{
  "dateTime" : "11/26/18 00:00:00",
  "value" : "142"
},{
  "dateTime" : "11/27/18 00:00:00",
  "value" : "103"
},{
  "dateTime" : "11/28/18 00:00:00",
  "value" : "113"
},{
  "dateTime" : "11/29/18 00:00:00",
  "value" : "100"
},{
  "dateTime" : "11/30/18 00:00:00",
  "value" : "108"
},{
  "dateTime" : "12/01/18 00:00:00",
  "value" : "105"
},{
  "dateTime" : "12/02/18 00:00:00",
  "value" : "112"
},{
  "dateTime" : "12/03/18 00:00:00",
  "value" : "113"
}]