[{
  "dateTime" : "12/04/18 00:00:00",
  "value" : "95"
},{
  "dateTime" : "12/05/18 00:00:00",
  "value" : "124"
},{
  "dateTime" : "12/06/18 00:00:00",
  "value" : "134"
},{
  "dateTime" : "12/07/18 00:00:00",
  "value" : "123"
},{
  "dateTime" : "12/08/18 00:00:00",
  "value" : "138"
},{
  "dateTime" : "12/09/18 00:00:00",
  "value" : "83"
},{
  "dateTime" : "12/10/18 00:00:00",
  "value" : "61"
},{
  "dateTime" : "12/11/18 00:00:00",
  "value" : "122"
},{
  "dateTime" : "12/12/18 00:00:00",
  "value" : "107"
},{
  "dateTime" : "12/13/18 00:00:00",
  "value" : "103"
},{
  "dateTime" : "12/14/18 00:00:00",
  "value" : "105"
},{
  "dateTime" : "12/15/18 00:00:00",
  "value" : "100"
},{
  "dateTime" : "12/16/18 00:00:00",
  "value" : "123"
},{
  "dateTime" : "12/17/18 00:00:00",
  "value" : "101"
},{
  "dateTime" : "12/18/18 00:00:00",
  "value" : "127"
},{
  "dateTime" : "12/19/18 00:00:00",
  "value" : "99"
},{
  "dateTime" : "12/20/18 00:00:00",
  "value" : "89"
},{
  "dateTime" : "12/21/18 00:00:00",
  "value" : "191"
},{
  "dateTime" : "12/22/18 00:00:00",
  "value" : "218"
},{
  "dateTime" : "12/23/18 00:00:00",
  "value" : "170"
},{
  "dateTime" : "12/24/18 00:00:00",
  "value" : "87"
},{
  "dateTime" : "12/25/18 00:00:00",
  "value" : "133"
},{
  "dateTime" : "12/26/18 00:00:00",
  "value" : "117"
},{
  "dateTime" : "12/27/18 00:00:00",
  "value" : "24"
},{
  "dateTime" : "12/28/18 00:00:00",
  "value" : "174"
},{
  "dateTime" : "12/29/18 00:00:00",
  "value" : "99"
},{
  "dateTime" : "12/30/18 00:00:00",
  "value" : "93"
},{
  "dateTime" : "12/31/18 00:00:00",
  "value" : "138"
},{
  "dateTime" : "01/01/19 00:00:00",
  "value" : "70"
},{
  "dateTime" : "01/02/19 00:00:00",
  "value" : "103"
}]