[{
  "dateTime" : "03/04/19 00:00:00",
  "value" : "85"
},{
  "dateTime" : "03/05/19 00:00:00",
  "value" : "0"
},{
  "dateTime" : "03/06/19 00:00:00",
  "value" : "0"
},{
  "dateTime" : "03/07/19 00:00:00",
  "value" : "0"
},{
  "dateTime" : "03/08/19 00:00:00",
  "value" : "0"
},{
  "dateTime" : "03/09/19 00:00:00",
  "value" : "0"
},{
  "dateTime" : "03/10/19 00:00:00",
  "value" : "0"
},{
  "dateTime" : "03/11/19 00:00:00",
  "value" : "0"
},{
  "dateTime" : "03/12/19 00:00:00",
  "value" : "0"
},{
  "dateTime" : "03/13/19 00:00:00",
  "value" : "0"
},{
  "dateTime" : "03/14/19 00:00:00",
  "value" : "0"
},{
  "dateTime" : "03/15/19 00:00:00",
  "value" : "0"
},{
  "dateTime" : "03/16/19 00:00:00",
  "value" : "0"
},{
  "dateTime" : "03/17/19 00:00:00",
  "value" : "0"
},{
  "dateTime" : "03/18/19 00:00:00",
  "value" : "0"
},{
  "dateTime" : "03/19/19 00:00:00",
  "value" : "0"
},{
  "dateTime" : "03/20/19 00:00:00",
  "value" : "0"
},{
  "dateTime" : "03/21/19 00:00:00",
  "value" : "0"
},{
  "dateTime" : "03/22/19 00:00:00",
  "value" : "0"
},{
  "dateTime" : "03/23/19 00:00:00",
  "value" : "0"
},{
  "dateTime" : "03/24/19 00:00:00",
  "value" : "0"
},{
  "dateTime" : "03/25/19 00:00:00",
  "value" : "0"
},{
  "dateTime" : "03/26/19 00:00:00",
  "value" : "0"
},{
  "dateTime" : "03/27/19 00:00:00",
  "value" : "0"
},{
  "dateTime" : "03/28/19 00:00:00",
  "value" : "0"
},{
  "dateTime" : "03/29/19 00:00:00",
  "value" : "0"
},{
  "dateTime" : "03/30/19 00:00:00",
  "value" : "0"
},{
  "dateTime" : "03/31/19 00:00:00",
  "value" : "0"
},{
  "dateTime" : "04/01/19 00:00:00",
  "value" : "0"
},{
  "dateTime" : "04/02/19 00:00:00",
  "value" : "0"
}]