[{
  "dateTime" : "01/03/19 00:00:00",
  "value" : "99"
},{
  "dateTime" : "01/04/19 00:00:00",
  "value" : "172"
},{
  "dateTime" : "01/05/19 00:00:00",
  "value" : "158"
},{
  "dateTime" : "01/06/19 00:00:00",
  "value" : "300"
},{
  "dateTime" : "01/07/19 00:00:00",
  "value" : "263"
},{
  "dateTime" : "01/08/19 00:00:00",
  "value" : "247"
},{
  "dateTime" : "01/09/19 00:00:00",
  "value" : "275"
},{
  "dateTime" : "01/10/19 00:00:00",
  "value" : "181"
},{
  "dateTime" : "01/11/19 00:00:00",
  "value" : "96"
},{
  "dateTime" : "01/12/19 00:00:00",
  "value" : "224"
},{
  "dateTime" : "01/13/19 00:00:00",
  "value" : "102"
},{
  "dateTime" : "01/14/19 00:00:00",
  "value" : "114"
},{
  "dateTime" : "01/15/19 00:00:00",
  "value" : "79"
},{
  "dateTime" : "01/16/19 00:00:00",
  "value" : "118"
},{
  "dateTime" : "01/17/19 00:00:00",
  "value" : "119"
},{
  "dateTime" : "01/18/19 00:00:00",
  "value" : "128"
},{
  "dateTime" : "01/19/19 00:00:00",
  "value" : "145"
},{
  "dateTime" : "01/20/19 00:00:00",
  "value" : "139"
},{
  "dateTime" : "01/21/19 00:00:00",
  "value" : "135"
},{
  "dateTime" : "01/22/19 00:00:00",
  "value" : "156"
},{
  "dateTime" : "01/23/19 00:00:00",
  "value" : "94"
},{
  "dateTime" : "01/24/19 00:00:00",
  "value" : "105"
},{
  "dateTime" : "01/25/19 00:00:00",
  "value" : "118"
},{
  "dateTime" : "01/26/19 00:00:00",
  "value" : "194"
},{
  "dateTime" : "01/27/19 00:00:00",
  "value" : "173"
},{
  "dateTime" : "01/28/19 00:00:00",
  "value" : "127"
},{
  "dateTime" : "01/29/19 00:00:00",
  "value" : "126"
},{
  "dateTime" : "01/30/19 00:00:00",
  "value" : "204"
},{
  "dateTime" : "01/31/19 00:00:00",
  "value" : "94"
},{
  "dateTime" : "02/01/19 00:00:00",
  "value" : "162"
}]