[{
  "dateTime" : "10/05/18 00:00:00",
  "value" : "0"
},{
  "dateTime" : "10/06/18 00:00:00",
  "value" : "19"
},{
  "dateTime" : "10/07/18 00:00:00",
  "value" : "37"
},{
  "dateTime" : "10/08/18 00:00:00",
  "value" : "18"
},{
  "dateTime" : "10/09/18 00:00:00",
  "value" : "4"
},{
  "dateTime" : "10/10/18 00:00:00",
  "value" : "19"
},{
  "dateTime" : "10/11/18 00:00:00",
  "value" : "29"
},{
  "dateTime" : "10/12/18 00:00:00",
  "value" : "13"
},{
  "dateTime" : "10/13/18 00:00:00",
  "value" : "16"
},{
  "dateTime" : "10/14/18 00:00:00",
  "value" : "4"
},{
  "dateTime" : "10/15/18 00:00:00",
  "value" : "15"
},{
  "dateTime" : "10/16/18 00:00:00",
  "value" : "15"
},{
  "dateTime" : "10/17/18 00:00:00",
  "value" : "19"
},{
  "dateTime" : "10/18/18 00:00:00",
  "value" : "14"
},{
  "dateTime" : "10/19/18 00:00:00",
  "value" : "3"
},{
  "dateTime" : "10/20/18 00:00:00",
  "value" : "12"
},{
  "dateTime" : "10/21/18 00:00:00",
  "value" : "9"
},{
  "dateTime" : "10/22/18 00:00:00",
  "value" : "36"
},{
  "dateTime" : "10/23/18 00:00:00",
  "value" : "25"
},{
  "dateTime" : "10/24/18 00:00:00",
  "value" : "40"
},{
  "dateTime" : "10/25/18 00:00:00",
  "value" : "20"
},{
  "dateTime" : "10/26/18 00:00:00",
  "value" : "20"
},{
  "dateTime" : "10/27/18 00:00:00",
  "value" : "5"
},{
  "dateTime" : "10/28/18 00:00:00",
  "value" : "16"
},{
  "dateTime" : "10/29/18 00:00:00",
  "value" : "22"
},{
  "dateTime" : "10/30/18 00:00:00",
  "value" : "25"
},{
  "dateTime" : "10/31/18 00:00:00",
  "value" : "25"
},{
  "dateTime" : "11/01/18 00:00:00",
  "value" : "20"
},{
  "dateTime" : "11/02/18 00:00:00",
  "value" : "15"
},{
  "dateTime" : "11/03/18 00:00:00",
  "value" : "23"
}]