[{
  "dateTime" : "02/02/19 00:00:00",
  "value" : "25"
},{
  "dateTime" : "02/03/19 00:00:00",
  "value" : "0"
},{
  "dateTime" : "02/04/19 00:00:00",
  "value" : "17"
},{
  "dateTime" : "02/05/19 00:00:00",
  "value" : "23"
},{
  "dateTime" : "02/06/19 00:00:00",
  "value" : "8"
},{
  "dateTime" : "02/07/19 00:00:00",
  "value" : "6"
},{
  "dateTime" : "02/08/19 00:00:00",
  "value" : "19"
},{
  "dateTime" : "02/09/19 00:00:00",
  "value" : "7"
},{
  "dateTime" : "02/10/19 00:00:00",
  "value" : "41"
},{
  "dateTime" : "02/11/19 00:00:00",
  "value" : "17"
},{
  "dateTime" : "02/12/19 00:00:00",
  "value" : "17"
},{
  "dateTime" : "02/13/19 00:00:00",
  "value" : "13"
},{
  "dateTime" : "02/14/19 00:00:00",
  "value" : "25"
},{
  "dateTime" : "02/15/19 00:00:00",
  "value" : "13"
},{
  "dateTime" : "02/16/19 00:00:00",
  "value" : "65"
},{
  "dateTime" : "02/17/19 00:00:00",
  "value" : "45"
},{
  "dateTime" : "02/18/19 00:00:00",
  "value" : "24"
},{
  "dateTime" : "02/19/19 00:00:00",
  "value" : "35"
},{
  "dateTime" : "02/20/19 00:00:00",
  "value" : "5"
},{
  "dateTime" : "02/21/19 00:00:00",
  "value" : "35"
},{
  "dateTime" : "02/22/19 00:00:00",
  "value" : "41"
},{
  "dateTime" : "02/23/19 00:00:00",
  "value" : "0"
},{
  "dateTime" : "02/24/19 00:00:00",
  "value" : "9"
},{
  "dateTime" : "02/25/19 00:00:00",
  "value" : "39"
},{
  "dateTime" : "02/26/19 00:00:00",
  "value" : "0"
},{
  "dateTime" : "02/27/19 00:00:00",
  "value" : "0"
},{
  "dateTime" : "02/28/19 00:00:00",
  "value" : "32"
},{
  "dateTime" : "03/01/19 00:00:00",
  "value" : "29"
},{
  "dateTime" : "03/02/19 00:00:00",
  "value" : "13"
},{
  "dateTime" : "03/03/19 00:00:00",
  "value" : "0"
}]