[{
  "dateTime" : "12/04/18 00:00:00",
  "value" : "15"
},{
  "dateTime" : "12/05/18 00:00:00",
  "value" : "3"
},{
  "dateTime" : "12/06/18 00:00:00",
  "value" : "2"
},{
  "dateTime" : "12/07/18 00:00:00",
  "value" : "1"
},{
  "dateTime" : "12/08/18 00:00:00",
  "value" : "0"
},{
  "dateTime" : "12/09/18 00:00:00",
  "value" : "5"
},{
  "dateTime" : "12/10/18 00:00:00",
  "value" : "14"
},{
  "dateTime" : "12/11/18 00:00:00",
  "value" : "22"
},{
  "dateTime" : "12/12/18 00:00:00",
  "value" : "16"
},{
  "dateTime" : "12/13/18 00:00:00",
  "value" : "10"
},{
  "dateTime" : "12/14/18 00:00:00",
  "value" : "12"
},{
  "dateTime" : "12/15/18 00:00:00",
  "value" : "22"
},{
  "dateTime" : "12/16/18 00:00:00",
  "value" : "0"
},{
  "dateTime" : "12/17/18 00:00:00",
  "value" : "9"
},{
  "dateTime" : "12/18/18 00:00:00",
  "value" : "40"
},{
  "dateTime" : "12/19/18 00:00:00",
  "value" : "12"
},{
  "dateTime" : "12/20/18 00:00:00",
  "value" : "6"
},{
  "dateTime" : "12/21/18 00:00:00",
  "value" : "15"
},{
  "dateTime" : "12/22/18 00:00:00",
  "value" : "31"
},{
  "dateTime" : "12/23/18 00:00:00",
  "value" : "26"
},{
  "dateTime" : "12/24/18 00:00:00",
  "value" : "23"
},{
  "dateTime" : "12/25/18 00:00:00",
  "value" : "34"
},{
  "dateTime" : "12/26/18 00:00:00",
  "value" : "28"
},{
  "dateTime" : "12/27/18 00:00:00",
  "value" : "0"
},{
  "dateTime" : "12/28/18 00:00:00",
  "value" : "33"
},{
  "dateTime" : "12/29/18 00:00:00",
  "value" : "42"
},{
  "dateTime" : "12/30/18 00:00:00",
  "value" : "27"
},{
  "dateTime" : "12/31/18 00:00:00",
  "value" : "14"
},{
  "dateTime" : "01/01/19 00:00:00",
  "value" : "12"
},{
  "dateTime" : "01/02/19 00:00:00",
  "value" : "29"
}]