[{
  "dateTime" : "09/05/18 00:00:00",
  "value" : "0"
},{
  "dateTime" : "09/06/18 00:00:00",
  "value" : "0"
},{
  "dateTime" : "09/07/18 00:00:00",
  "value" : "0"
},{
  "dateTime" : "09/08/18 00:00:00",
  "value" : "0"
},{
  "dateTime" : "09/09/18 00:00:00",
  "value" : "0"
},{
  "dateTime" : "09/10/18 00:00:00",
  "value" : "0"
},{
  "dateTime" : "09/11/18 00:00:00",
  "value" : "0"
},{
  "dateTime" : "09/12/18 00:00:00",
  "value" : "0"
},{
  "dateTime" : "09/13/18 00:00:00",
  "value" : "0"
},{
  "dateTime" : "09/14/18 00:00:00",
  "value" : "0"
},{
  "dateTime" : "09/15/18 00:00:00",
  "value" : "0"
},{
  "dateTime" : "09/16/18 00:00:00",
  "value" : "0"
},{
  "dateTime" : "09/17/18 00:00:00",
  "value" : "0"
},{
  "dateTime" : "09/18/18 00:00:00",
  "value" : "0"
},{
  "dateTime" : "09/19/18 00:00:00",
  "value" : "0"
},{
  "dateTime" : "09/20/18 00:00:00",
  "value" : "0"
},{
  "dateTime" : "09/21/18 00:00:00",
  "value" : "0"
},{
  "dateTime" : "09/22/18 00:00:00",
  "value" : "0"
},{
  "dateTime" : "09/23/18 00:00:00",
  "value" : "0"
},{
  "dateTime" : "09/24/18 00:00:00",
  "value" : "0"
},{
  "dateTime" : "09/25/18 00:00:00",
  "value" : "0"
},{
  "dateTime" : "09/26/18 00:00:00",
  "value" : "0"
},{
  "dateTime" : "09/27/18 00:00:00",
  "value" : "0"
},{
  "dateTime" : "09/28/18 00:00:00",
  "value" : "0"
},{
  "dateTime" : "09/29/18 00:00:00",
  "value" : "0"
},{
  "dateTime" : "09/30/18 00:00:00",
  "value" : "0"
},{
  "dateTime" : "10/01/18 00:00:00",
  "value" : "0"
},{
  "dateTime" : "10/02/18 00:00:00",
  "value" : "0"
},{
  "dateTime" : "10/03/18 00:00:00",
  "value" : "0"
},{
  "dateTime" : "10/04/18 00:00:00",
  "value" : "3"
}]