[{
  "dateTime" : "11/04/18 00:00:00",
  "value" : "7"
},{
  "dateTime" : "11/05/18 00:00:00",
  "value" : "6"
},{
  "dateTime" : "11/06/18 00:00:00",
  "value" : "4"
},{
  "dateTime" : "11/07/18 00:00:00",
  "value" : "6"
},{
  "dateTime" : "11/08/18 00:00:00",
  "value" : "23"
},{
  "dateTime" : "11/09/18 00:00:00",
  "value" : "13"
},{
  "dateTime" : "11/10/18 00:00:00",
  "value" : "7"
},{
  "dateTime" : "11/11/18 00:00:00",
  "value" : "4"
},{
  "dateTime" : "11/12/18 00:00:00",
  "value" : "4"
},{
  "dateTime" : "11/13/18 00:00:00",
  "value" : "17"
},{
  "dateTime" : "11/14/18 00:00:00",
  "value" : "14"
},{
  "dateTime" : "11/15/18 00:00:00",
  "value" : "3"
},{
  "dateTime" : "11/16/18 00:00:00",
  "value" : "10"
},{
  "dateTime" : "11/17/18 00:00:00",
  "value" : "11"
},{
  "dateTime" : "11/18/18 00:00:00",
  "value" : "14"
},{
  "dateTime" : "11/19/18 00:00:00",
  "value" : "5"
},{
  "dateTime" : "11/20/18 00:00:00",
  "value" : "14"
},{
  "dateTime" : "11/21/18 00:00:00",
  "value" : "24"
},{
  "dateTime" : "11/22/18 00:00:00",
  "value" : "23"
},{
  "dateTime" : "11/23/18 00:00:00",
  "value" : "69"
},{
  "dateTime" : "11/24/18 00:00:00",
  "value" : "33"
},{
  "dateTime" : "11/25/18 00:00:00",
  "value" : "49"
},{
  "dateTime" : "11/26/18 00:00:00",
  "value" : "18"
},{
  "dateTime" : "11/27/18 00:00:00",
  "value" : "22"
},{
  "dateTime" : "11/28/18 00:00:00",
  "value" : "15"
},{
  "dateTime" : "11/29/18 00:00:00",
  "value" : "15"
},{
  "dateTime" : "11/30/18 00:00:00",
  "value" : "2"
},{
  "dateTime" : "12/01/18 00:00:00",
  "value" : "0"
},{
  "dateTime" : "12/02/18 00:00:00",
  "value" : "2"
},{
  "dateTime" : "12/03/18 00:00:00",
  "value" : "9"
}]