[{
  "dateTime" : "10/05/18 00:00:00",
  "value" : "758"
},{
  "dateTime" : "10/06/18 00:00:00",
  "value" : "765"
},{
  "dateTime" : "10/07/18 00:00:00",
  "value" : "638"
},{
  "dateTime" : "10/08/18 00:00:00",
  "value" : "972"
},{
  "dateTime" : "10/09/18 00:00:00",
  "value" : "946"
},{
  "dateTime" : "10/10/18 00:00:00",
  "value" : "850"
},{
  "dateTime" : "10/11/18 00:00:00",
  "value" : "973"
},{
  "dateTime" : "10/12/18 00:00:00",
  "value" : "837"
},{
  "dateTime" : "10/13/18 00:00:00",
  "value" : "842"
},{
  "dateTime" : "10/14/18 00:00:00",
  "value" : "954"
},{
  "dateTime" : "10/15/18 00:00:00",
  "value" : "674"
},{
  "dateTime" : "10/16/18 00:00:00",
  "value" : "775"
},{
  "dateTime" : "10/17/18 00:00:00",
  "value" : "840"
},{
  "dateTime" : "10/18/18 00:00:00",
  "value" : "826"
},{
  "dateTime" : "10/19/18 00:00:00",
  "value" : "948"
},{
  "dateTime" : "10/20/18 00:00:00",
  "value" : "842"
},{
  "dateTime" : "10/21/18 00:00:00",
  "value" : "948"
},{
  "dateTime" : "10/22/18 00:00:00",
  "value" : "797"
},{
  "dateTime" : "10/23/18 00:00:00",
  "value" : "896"
},{
  "dateTime" : "10/24/18 00:00:00",
  "value" : "739"
},{
  "dateTime" : "10/25/18 00:00:00",
  "value" : "865"
},{
  "dateTime" : "10/26/18 00:00:00",
  "value" : "761"
},{
  "dateTime" : "10/27/18 00:00:00",
  "value" : "948"
},{
  "dateTime" : "10/28/18 00:00:00",
  "value" : "879"
},{
  "dateTime" : "10/29/18 00:00:00",
  "value" : "866"
},{
  "dateTime" : "10/30/18 00:00:00",
  "value" : "760"
},{
  "dateTime" : "10/31/18 00:00:00",
  "value" : "895"
},{
  "dateTime" : "11/01/18 00:00:00",
  "value" : "838"
},{
  "dateTime" : "11/02/18 00:00:00",
  "value" : "941"
},{
  "dateTime" : "11/03/18 00:00:00",
  "value" : "726"
}]