[{
  "dateTime" : "01/03/19 00:00:00",
  "value" : "806"
},{
  "dateTime" : "01/04/19 00:00:00",
  "value" : "783"
},{
  "dateTime" : "01/05/19 00:00:00",
  "value" : "872"
},{
  "dateTime" : "01/06/19 00:00:00",
  "value" : "578"
},{
  "dateTime" : "01/07/19 00:00:00",
  "value" : "714"
},{
  "dateTime" : "01/08/19 00:00:00",
  "value" : "691"
},{
  "dateTime" : "01/09/19 00:00:00",
  "value" : "636"
},{
  "dateTime" : "01/10/19 00:00:00",
  "value" : "839"
},{
  "dateTime" : "01/11/19 00:00:00",
  "value" : "801"
},{
  "dateTime" : "01/12/19 00:00:00",
  "value" : "765"
},{
  "dateTime" : "01/13/19 00:00:00",
  "value" : "754"
},{
  "dateTime" : "01/14/19 00:00:00",
  "value" : "840"
},{
  "dateTime" : "01/15/19 00:00:00",
  "value" : "845"
},{
  "dateTime" : "01/16/19 00:00:00",
  "value" : "769"
},{
  "dateTime" : "01/17/19 00:00:00",
  "value" : "715"
},{
  "dateTime" : "01/18/19 00:00:00",
  "value" : "894"
},{
  "dateTime" : "01/19/19 00:00:00",
  "value" : "801"
},{
  "dateTime" : "01/20/19 00:00:00",
  "value" : "789"
},{
  "dateTime" : "01/21/19 00:00:00",
  "value" : "846"
},{
  "dateTime" : "01/22/19 00:00:00",
  "value" : "801"
},{
  "dateTime" : "01/23/19 00:00:00",
  "value" : "705"
},{
  "dateTime" : "01/24/19 00:00:00",
  "value" : "781"
},{
  "dateTime" : "01/25/19 00:00:00",
  "value" : "783"
},{
  "dateTime" : "01/26/19 00:00:00",
  "value" : "659"
},{
  "dateTime" : "01/27/19 00:00:00",
  "value" : "650"
},{
  "dateTime" : "01/28/19 00:00:00",
  "value" : "879"
},{
  "dateTime" : "01/29/19 00:00:00",
  "value" : "723"
},{
  "dateTime" : "01/30/19 00:00:00",
  "value" : "716"
},{
  "dateTime" : "01/31/19 00:00:00",
  "value" : "879"
},{
  "dateTime" : "02/01/19 00:00:00",
  "value" : "766"
}]