[{
  "dateTime" : "12/04/18 00:00:00",
  "value" : "884"
},{
  "dateTime" : "12/05/18 00:00:00",
  "value" : "962"
},{
  "dateTime" : "12/06/18 00:00:00",
  "value" : "856"
},{
  "dateTime" : "12/07/18 00:00:00",
  "value" : "854"
},{
  "dateTime" : "12/08/18 00:00:00",
  "value" : "847"
},{
  "dateTime" : "12/09/18 00:00:00",
  "value" : "917"
},{
  "dateTime" : "12/10/18 00:00:00",
  "value" : "857"
},{
  "dateTime" : "12/11/18 00:00:00",
  "value" : "840"
},{
  "dateTime" : "12/12/18 00:00:00",
  "value" : "797"
},{
  "dateTime" : "12/13/18 00:00:00",
  "value" : "833"
},{
  "dateTime" : "12/14/18 00:00:00",
  "value" : "869"
},{
  "dateTime" : "12/15/18 00:00:00",
  "value" : "955"
},{
  "dateTime" : "12/16/18 00:00:00",
  "value" : "895"
},{
  "dateTime" : "12/17/18 00:00:00",
  "value" : "816"
},{
  "dateTime" : "12/18/18 00:00:00",
  "value" : "1052"
},{
  "dateTime" : "12/19/18 00:00:00",
  "value" : "1303"
},{
  "dateTime" : "12/20/18 00:00:00",
  "value" : "1340"
},{
  "dateTime" : "12/21/18 00:00:00",
  "value" : "773"
},{
  "dateTime" : "12/22/18 00:00:00",
  "value" : "688"
},{
  "dateTime" : "12/23/18 00:00:00",
  "value" : "833"
},{
  "dateTime" : "12/24/18 00:00:00",
  "value" : "1105"
},{
  "dateTime" : "12/25/18 00:00:00",
  "value" : "736"
},{
  "dateTime" : "12/26/18 00:00:00",
  "value" : "815"
},{
  "dateTime" : "12/27/18 00:00:00",
  "value" : "933"
},{
  "dateTime" : "12/28/18 00:00:00",
  "value" : "1197"
},{
  "dateTime" : "12/29/18 00:00:00",
  "value" : "789"
},{
  "dateTime" : "12/30/18 00:00:00",
  "value" : "911"
},{
  "dateTime" : "12/31/18 00:00:00",
  "value" : "818"
},{
  "dateTime" : "01/01/19 00:00:00",
  "value" : "831"
},{
  "dateTime" : "01/02/19 00:00:00",
  "value" : "747"
}]