[{
  "dateTime" : "02/02/19 00:00:00",
  "value" : "682"
},{
  "dateTime" : "02/03/19 00:00:00",
  "value" : "777"
},{
  "dateTime" : "02/04/19 00:00:00",
  "value" : "632"
},{
  "dateTime" : "02/05/19 00:00:00",
  "value" : "725"
},{
  "dateTime" : "02/06/19 00:00:00",
  "value" : "498"
},{
  "dateTime" : "02/07/19 00:00:00",
  "value" : "859"
},{
  "dateTime" : "02/08/19 00:00:00",
  "value" : "765"
},{
  "dateTime" : "02/09/19 00:00:00",
  "value" : "811"
},{
  "dateTime" : "02/10/19 00:00:00",
  "value" : "630"
},{
  "dateTime" : "02/11/19 00:00:00",
  "value" : "945"
},{
  "dateTime" : "02/12/19 00:00:00",
  "value" : "739"
},{
  "dateTime" : "02/13/19 00:00:00",
  "value" : "890"
},{
  "dateTime" : "02/14/19 00:00:00",
  "value" : "884"
},{
  "dateTime" : "02/15/19 00:00:00",
  "value" : "707"
},{
  "dateTime" : "02/16/19 00:00:00",
  "value" : "995"
},{
  "dateTime" : "02/17/19 00:00:00",
  "value" : "747"
},{
  "dateTime" : "02/18/19 00:00:00",
  "value" : "731"
},{
  "dateTime" : "02/19/19 00:00:00",
  "value" : "720"
},{
  "dateTime" : "02/20/19 00:00:00",
  "value" : "1044"
},{
  "dateTime" : "02/21/19 00:00:00",
  "value" : "708"
},{
  "dateTime" : "02/22/19 00:00:00",
  "value" : "731"
},{
  "dateTime" : "02/23/19 00:00:00",
  "value" : "857"
},{
  "dateTime" : "02/24/19 00:00:00",
  "value" : "810"
},{
  "dateTime" : "02/25/19 00:00:00",
  "value" : "781"
},{
  "dateTime" : "02/26/19 00:00:00",
  "value" : "986"
},{
  "dateTime" : "02/27/19 00:00:00",
  "value" : "639"
},{
  "dateTime" : "02/28/19 00:00:00",
  "value" : "683"
},{
  "dateTime" : "03/01/19 00:00:00",
  "value" : "742"
},{
  "dateTime" : "03/02/19 00:00:00",
  "value" : "1043"
},{
  "dateTime" : "03/03/19 00:00:00",
  "value" : "932"
}]