[{
  "dateTime" : "11/04/18 00:00:00",
  "value" : "672"
},{
  "dateTime" : "11/05/18 00:00:00",
  "value" : "948"
},{
  "dateTime" : "11/06/18 00:00:00",
  "value" : "736"
},{
  "dateTime" : "11/07/18 00:00:00",
  "value" : "833"
},{
  "dateTime" : "11/08/18 00:00:00",
  "value" : "766"
},{
  "dateTime" : "11/09/18 00:00:00",
  "value" : "946"
},{
  "dateTime" : "11/10/18 00:00:00",
  "value" : "760"
},{
  "dateTime" : "11/11/18 00:00:00",
  "value" : "888"
},{
  "dateTime" : "11/12/18 00:00:00",
  "value" : "925"
},{
  "dateTime" : "11/13/18 00:00:00",
  "value" : "971"
},{
  "dateTime" : "11/14/18 00:00:00",
  "value" : "832"
},{
  "dateTime" : "11/15/18 00:00:00",
  "value" : "846"
},{
  "dateTime" : "11/16/18 00:00:00",
  "value" : "919"
},{
  "dateTime" : "11/17/18 00:00:00",
  "value" : "822"
},{
  "dateTime" : "11/18/18 00:00:00",
  "value" : "827"
},{
  "dateTime" : "11/19/18 00:00:00",
  "value" : "875"
},{
  "dateTime" : "11/20/18 00:00:00",
  "value" : "804"
},{
  "dateTime" : "11/21/18 00:00:00",
  "value" : "817"
},{
  "dateTime" : "11/22/18 00:00:00",
  "value" : "763"
},{
  "dateTime" : "11/23/18 00:00:00",
  "value" : "671"
},{
  "dateTime" : "11/24/18 00:00:00",
  "value" : "841"
},{
  "dateTime" : "11/25/18 00:00:00",
  "value" : "722"
},{
  "dateTime" : "11/26/18 00:00:00",
  "value" : "754"
},{
  "dateTime" : "11/27/18 00:00:00",
  "value" : "888"
},{
  "dateTime" : "11/28/18 00:00:00",
  "value" : "752"
},{
  "dateTime" : "11/29/18 00:00:00",
  "value" : "759"
},{
  "dateTime" : "11/30/18 00:00:00",
  "value" : "842"
},{
  "dateTime" : "12/01/18 00:00:00",
  "value" : "850"
},{
  "dateTime" : "12/02/18 00:00:00",
  "value" : "891"
},{
  "dateTime" : "12/03/18 00:00:00",
  "value" : "926"
}]