[{
  "logId" : 21434253772,
  "dateOfSleep" : "2019-03-04",
  "startTime" : "2019-03-03T23:26:30.000",
  "endTime" : "2019-03-04T07:27:00.000",
  "duration" : 28800000,
  "minutesToFallAsleep" : 0,
  "minutesAsleep" : 428,
  "minutesAwake" : 52,
  "minutesAfterWakeup" : 0,
  "timeInBed" : 480,
  "efficiency" : 96,
  "type" : "stages",
  "infoCode" : 0,
  "levels" : {
    "summary" : {
      "deep" : {
        "count" : 4,
        "minutes" : 83,
        "thirtyDayAvgMinutes" : 0
      },
      "wake" : {
        "count" : 29,
        "minutes" : 52,
        "thirtyDayAvgMinutes" : 0
      },
      "light" : {
        "count" : 27,
        "minutes" : 202,
        "thirtyDayAvgMinutes" : 0
      },
      "rem" : {
        "count" : 10,
        "minutes" : 143,
        "thirtyDayAvgMinutes" : 0
      }
    },
    "data" : [{
      "dateTime" : "2019-03-03T23:26:30.000",
      "level" : "wake",
      "seconds" : 270
    },{
      "dateTime" : "2019-03-03T23:31:00.000",
      "level" : "light",
      "seconds" : 330
    },{
      "dateTime" : "2019-03-03T23:36:30.000",
      "level" : "wake",
      "seconds" : 330
    },{
      "dateTime" : "2019-03-03T23:42:00.000",
      "level" : "light",
      "seconds" : 1920
    },{
      "dateTime" : "2019-03-04T00:14:00.000",
      "level" : "deep",
      "seconds" : 720
    },{
      "dateTime" : "2019-03-04T00:26:00.000",
      "level" : "light",
      "seconds" : 750
    },{
      "dateTime" : "2019-03-04T00:38:30.000",
      "level" : "wake",
      "seconds" : 210
    },{
      "dateTime" : "2019-03-04T00:42:00.000",
      "level" : "rem",
      "seconds" : 300
    },{
      "dateTime" : "2019-03-04T00:47:00.000",
      "level" : "light",
      "seconds" : 630
    },{
      "dateTime" : "2019-03-04T00:57:30.000",
      "level" : "deep",
      "seconds" : 2850
    },{
      "dateTime" : "2019-03-04T01:45:00.000",
      "level" : "light",
      "seconds" : 300
    },{
      "dateTime" : "2019-03-04T01:50:00.000",
      "level" : "rem",
      "seconds" : 2400
    },{
      "dateTime" : "2019-03-04T02:30:00.000",
      "level" : "light",
      "seconds" : 960
    },{
      "dateTime" : "2019-03-04T02:46:00.000",
      "level" : "deep",
      "seconds" : 1110
    },{
      "dateTime" : "2019-03-04T03:04:30.000",
      "level" : "light",
      "seconds" : 2790
    },{
      "dateTime" : "2019-03-04T03:51:00.000",
      "level" : "rem",
      "seconds" : 2820
    },{
      "dateTime" : "2019-03-04T04:38:00.000",
      "level" : "light",
      "seconds" : 780
    },{
      "dateTime" : "2019-03-04T04:51:00.000",
      "level" : "rem",
      "seconds" : 1110
    },{
      "dateTime" : "2019-03-04T05:09:30.000",
      "level" : "light",
      "seconds" : 1560
    },{
      "dateTime" : "2019-03-04T05:35:30.000",
      "level" : "deep",
      "seconds" : 390
    },{
      "dateTime" : "2019-03-04T05:42:00.000",
      "level" : "light",
      "seconds" : 900
    },{
      "dateTime" : "2019-03-04T05:57:00.000",
      "level" : "wake",
      "seconds" : 300
    },{
      "dateTime" : "2019-03-04T06:02:00.000",
      "level" : "light",
      "seconds" : 120
    },{
      "dateTime" : "2019-03-04T06:04:00.000",
      "level" : "rem",
      "seconds" : 2220
    },{
      "dateTime" : "2019-03-04T06:41:00.000",
      "level" : "light",
      "seconds" : 1740
    },{
      "dateTime" : "2019-03-04T07:10:00.000",
      "level" : "wake",
      "seconds" : 1020
    }],
    "shortData" : [{
      "dateTime" : "2019-03-03T23:33:30.000",
      "level" : "wake",
      "seconds" : 30
    },{
      "dateTime" : "2019-03-03T23:52:30.000",
      "level" : "wake",
      "seconds" : 30
    },{
      "dateTime" : "2019-03-03T23:55:00.000",
      "level" : "wake",
      "seconds" : 30
    },{
      "dateTime" : "2019-03-04T00:26:30.000",
      "level" : "wake",
      "seconds" : 30
    },{
      "dateTime" : "2019-03-04T00:28:30.000",
      "level" : "wake",
      "seconds" : 30
    },{
      "dateTime" : "2019-03-04T00:47:30.000",
      "level" : "wake",
      "seconds" : 90
    },{
      "dateTime" : "2019-03-04T01:44:00.000",
      "level" : "wake",
      "seconds" : 60
    },{
      "dateTime" : "2019-03-04T02:25:00.000",
      "level" : "wake",
      "seconds" : 30
    },{
      "dateTime" : "2019-03-04T02:29:00.000",
      "level" : "wake",
      "seconds" : 60
    },{
      "dateTime" : "2019-03-04T03:05:00.000",
      "level" : "wake",
      "seconds" : 30
    },{
      "dateTime" : "2019-03-04T03:48:00.000",
      "level" : "wake",
      "seconds" : 30
    },{
      "dateTime" : "2019-03-04T04:01:00.000",
      "level" : "wake",
      "seconds" : 30
    },{
      "dateTime" : "2019-03-04T04:07:30.000",
      "level" : "wake",
      "seconds" : 30
    },{
      "dateTime" : "2019-03-04T04:17:00.000",
      "level" : "wake",
      "seconds" : 30
    },{
      "dateTime" : "2019-03-04T04:31:30.000",
      "level" : "wake",
      "seconds" : 60
    },{
      "dateTime" : "2019-03-04T04:41:30.000",
      "level" : "wake",
      "seconds" : 30
    },{
      "dateTime" : "2019-03-04T04:45:30.000",
      "level" : "wake",
      "seconds" : 90
    },{
      "dateTime" : "2019-03-04T05:09:00.000",
      "level" : "wake",
      "seconds" : 30
    },{
      "dateTime" : "2019-03-04T05:18:30.000",
      "level" : "wake",
      "seconds" : 30
    },{
      "dateTime" : "2019-03-04T05:22:00.000",
      "level" : "wake",
      "seconds" : 30
    },{
      "dateTime" : "2019-03-04T05:42:00.000",
      "level" : "wake",
      "seconds" : 30
    },{
      "dateTime" : "2019-03-04T06:44:30.000",
      "level" : "wake",
      "seconds" : 60
    },{
      "dateTime" : "2019-03-04T06:52:00.000",
      "level" : "wake",
      "seconds" : 90
    },{
      "dateTime" : "2019-03-04T06:58:00.000",
      "level" : "wake",
      "seconds" : 30
    }]
  }
}]