[{
  "logId" : 19725956356,
  "dateOfSleep" : "2018-10-05",
  "startTime" : "2018-10-04T22:12:30.000",
  "endTime" : "2018-10-05T06:22:00.000",
  "duration" : 29340000,
  "minutesToFallAsleep" : 0,
  "minutesAsleep" : 422,
  "minutesAwake" : 67,
  "minutesAfterWakeup" : 0,
  "timeInBed" : 489,
  "efficiency" : 91,
  "type" : "stages",
  "infoCode" : 0,
  "levels" : {
    "summary" : {
      "deep" : {
        "count" : 7,
        "minutes" : 89,
        "thirtyDayAvgMinutes" : 23
      },
      "wake" : {
        "count" : 39,
        "minutes" : 67,
        "thirtyDayAvgMinutes" : 38
      },
      "light" : {
        "count" : 36,
        "minutes" : 227,
        "thirtyDayAvgMinutes" : 236
      },
      "rem" : {
        "count" : 9,
        "minutes" : 106,
        "thirtyDayAvgMinutes" : 64
      }
    },
    "data" : [{
      "dateTime" : "2018-10-04T22:12:30.000",
      "level" : "wake",
      "seconds" : 240
    },{
      "dateTime" : "2018-10-04T22:16:30.000",
      "level" : "light",
      "seconds" : 1860
    },{
      "dateTime" : "2018-10-04T22:47:30.000",
      "level" : "deep",
      "seconds" : 930
    },{
      "dateTime" : "2018-10-04T23:03:00.000",
      "level" : "wake",
      "seconds" : 300
    },{
      "dateTime" : "2018-10-04T23:08:00.000",
      "level" : "light",
      "seconds" : 630
    },{
      "dateTime" : "2018-10-04T23:18:30.000",
      "level" : "deep",
      "seconds" : 1320
    },{
      "dateTime" : "2018-10-04T23:40:30.000",
      "level" : "wake",
      "seconds" : 270
    },{
      "dateTime" : "2018-10-04T23:45:00.000",
      "level" : "light",
      "seconds" : 570
    },{
      "dateTime" : "2018-10-04T23:54:30.000",
      "level" : "deep",
      "seconds" : 390
    },{
      "dateTime" : "2018-10-05T00:01:00.000",
      "level" : "light",
      "seconds" : 690
    },{
      "dateTime" : "2018-10-05T00:12:30.000",
      "level" : "rem",
      "seconds" : 1530
    },{
      "dateTime" : "2018-10-05T00:38:00.000",
      "level" : "light",
      "seconds" : 480
    },{
      "dateTime" : "2018-10-05T00:46:00.000",
      "level" : "deep",
      "seconds" : 1380
    },{
      "dateTime" : "2018-10-05T01:09:00.000",
      "level" : "light",
      "seconds" : 300
    },{
      "dateTime" : "2018-10-05T01:14:00.000",
      "level" : "deep",
      "seconds" : 270
    },{
      "dateTime" : "2018-10-05T01:18:30.000",
      "level" : "wake",
      "seconds" : 210
    },{
      "dateTime" : "2018-10-05T01:22:00.000",
      "level" : "light",
      "seconds" : 570
    },{
      "dateTime" : "2018-10-05T01:31:30.000",
      "level" : "wake",
      "seconds" : 300
    },{
      "dateTime" : "2018-10-05T01:36:30.000",
      "level" : "light",
      "seconds" : 990
    },{
      "dateTime" : "2018-10-05T01:53:00.000",
      "level" : "wake",
      "seconds" : 390
    },{
      "dateTime" : "2018-10-05T01:59:30.000",
      "level" : "light",
      "seconds" : 690
    },{
      "dateTime" : "2018-10-05T02:11:00.000",
      "level" : "rem",
      "seconds" : 450
    },{
      "dateTime" : "2018-10-05T02:18:30.000",
      "level" : "light",
      "seconds" : 3630
    },{
      "dateTime" : "2018-10-05T03:19:00.000",
      "level" : "wake",
      "seconds" : 750
    },{
      "dateTime" : "2018-10-05T03:31:30.000",
      "level" : "rem",
      "seconds" : 1260
    },{
      "dateTime" : "2018-10-05T03:52:30.000",
      "level" : "light",
      "seconds" : 2700
    },{
      "dateTime" : "2018-10-05T04:37:30.000",
      "level" : "deep",
      "seconds" : 1020
    },{
      "dateTime" : "2018-10-05T04:54:30.000",
      "level" : "light",
      "seconds" : 210
    },{
      "dateTime" : "2018-10-05T04:58:00.000",
      "level" : "rem",
      "seconds" : 3330
    },{
      "dateTime" : "2018-10-05T05:53:30.000",
      "level" : "light",
      "seconds" : 1080
    },{
      "dateTime" : "2018-10-05T06:11:30.000",
      "level" : "deep",
      "seconds" : 300
    },{
      "dateTime" : "2018-10-05T06:16:30.000",
      "level" : "light",
      "seconds" : 60
    },{
      "dateTime" : "2018-10-05T06:17:30.000",
      "level" : "wake",
      "seconds" : 270
    }],
    "shortData" : [{
      "dateTime" : "2018-10-04T22:33:30.000",
      "level" : "wake",
      "seconds" : 30
    },{
      "dateTime" : "2018-10-04T22:36:30.000",
      "level" : "wake",
      "seconds" : 30
    },{
      "dateTime" : "2018-10-04T23:10:00.000",
      "level" : "wake",
      "seconds" : 30
    },{
      "dateTime" : "2018-10-04T23:12:00.000",
      "level" : "wake",
      "seconds" : 30
    },{
      "dateTime" : "2018-10-05T00:00:30.000",
      "level" : "wake",
      "seconds" : 30
    },{
      "dateTime" : "2018-10-05T00:03:00.000",
      "level" : "wake",
      "seconds" : 60
    },{
      "dateTime" : "2018-10-05T00:10:30.000",
      "level" : "wake",
      "seconds" : 30
    },{
      "dateTime" : "2018-10-05T00:16:00.000",
      "level" : "wake",
      "seconds" : 30
    },{
      "dateTime" : "2018-10-05T01:07:00.000",
      "level" : "wake",
      "seconds" : 120
    },{
      "dateTime" : "2018-10-05T01:25:30.000",
      "level" : "wake",
      "seconds" : 30
    },{
      "dateTime" : "2018-10-05T01:45:00.000",
      "level" : "wake",
      "seconds" : 30
    },{
      "dateTime" : "2018-10-05T02:03:00.000",
      "level" : "wake",
      "seconds" : 30
    },{
      "dateTime" : "2018-10-05T02:08:00.000",
      "level" : "wake",
      "seconds" : 30
    },{
      "dateTime" : "2018-10-05T02:19:00.000",
      "level" : "wake",
      "seconds" : 30
    },{
      "dateTime" : "2018-10-05T02:30:30.000",
      "level" : "wake",
      "seconds" : 30
    },{
      "dateTime" : "2018-10-05T02:37:30.000",
      "level" : "wake",
      "seconds" : 30
    },{
      "dateTime" : "2018-10-05T02:50:00.000",
      "level" : "wake",
      "seconds" : 30
    },{
      "dateTime" : "2018-10-05T02:52:30.000",
      "level" : "wake",
      "seconds" : 30
    },{
      "dateTime" : "2018-10-05T03:12:00.000",
      "level" : "wake",
      "seconds" : 60
    },{
      "dateTime" : "2018-10-05T03:16:30.000",
      "level" : "wake",
      "seconds" : 30
    },{
      "dateTime" : "2018-10-05T03:51:30.000",
      "level" : "wake",
      "seconds" : 60
    },{
      "dateTime" : "2018-10-05T04:08:00.000",
      "level" : "wake",
      "seconds" : 30
    },{
      "dateTime" : "2018-10-05T04:10:00.000",
      "level" : "wake",
      "seconds" : 120
    },{
      "dateTime" : "2018-10-05T04:17:00.000",
      "level" : "wake",
      "seconds" : 30
    },{
      "dateTime" : "2018-10-05T04:53:00.000",
      "level" : "wake",
      "seconds" : 90
    },{
      "dateTime" : "2018-10-05T05:01:00.000",
      "level" : "wake",
      "seconds" : 30
    },{
      "dateTime" : "2018-10-05T05:08:00.000",
      "level" : "wake",
      "seconds" : 30
    },{
      "dateTime" : "2018-10-05T05:21:00.000",
      "level" : "wake",
      "seconds" : 30
    },{
      "dateTime" : "2018-10-05T05:36:30.000",
      "level" : "wake",
      "seconds" : 30
    },{
      "dateTime" : "2018-10-05T05:55:30.000",
      "level" : "wake",
      "seconds" : 30
    },{
      "dateTime" : "2018-10-05T05:57:30.000",
      "level" : "wake",
      "seconds" : 60
    }]
  }
},{
  "logId" : 19713905483,
  "dateOfSleep" : "2018-10-04",
  "startTime" : "2018-10-04T06:43:00.000",
  "endTime" : "2018-10-04T07:52:30.000",
  "duration" : 4140000,
  "minutesToFallAsleep" : 0,
  "minutesAsleep" : 69,
  "minutesAwake" : 0,
  "minutesAfterWakeup" : 0,
  "timeInBed" : 69,
  "efficiency" : 100,
  "type" : "classic",
  "infoCode" : 2,
  "levels" : {
    "summary" : {
      "restless" : {
        "count" : 0,
        "minutes" : 0
      },
      "awake" : {
        "count" : 0,
        "minutes" : 0
      },
      "asleep" : {
        "count" : 0,
        "minutes" : 69
      }
    },
    "data" : [{
      "dateTime" : "2018-10-04T06:43:00.000",
      "level" : "asleep",
      "seconds" : 4140
    }]
  }
},{
  "logId" : 19713905482,
  "dateOfSleep" : "2018-10-04",
  "startTime" : "2018-10-03T23:39:00.000",
  "endTime" : "2018-10-04T05:40:00.000",
  "duration" : 21660000,
  "minutesToFallAsleep" : 0,
  "minutesAsleep" : 323,
  "minutesAwake" : 38,
  "minutesAfterWakeup" : 0,
  "timeInBed" : 361,
  "efficiency" : 97,
  "type" : "stages",
  "infoCode" : 0,
  "levels" : {
    "summary" : {
      "deep" : {
        "count" : 1,
        "minutes" : 23,
        "thirtyDayAvgMinutes" : 0
      },
      "wake" : {
        "count" : 16,
        "minutes" : 38,
        "thirtyDayAvgMinutes" : 0
      },
      "light" : {
        "count" : 14,
        "minutes" : 236,
        "thirtyDayAvgMinutes" : 0
      },
      "rem" : {
        "count" : 6,
        "minutes" : 64,
        "thirtyDayAvgMinutes" : 0
      }
    },
    "data" : [{
      "dateTime" : "2018-10-03T23:39:00.000",
      "level" : "light",
      "seconds" : 180
    },{
      "dateTime" : "2018-10-03T23:42:00.000",
      "level" : "wake",
      "seconds" : 1350
    },{
      "dateTime" : "2018-10-04T00:04:30.000",
      "level" : "light",
      "seconds" : 5550
    },{
      "dateTime" : "2018-10-04T01:37:00.000",
      "level" : "rem",
      "seconds" : 2160
    },{
      "dateTime" : "2018-10-04T02:13:00.000",
      "level" : "light",
      "seconds" : 2100
    },{
      "dateTime" : "2018-10-04T02:48:00.000",
      "level" : "deep",
      "seconds" : 1410
    },{
      "dateTime" : "2018-10-04T03:11:30.000",
      "level" : "light",
      "seconds" : 1890
    },{
      "dateTime" : "2018-10-04T03:43:00.000",
      "level" : "rem",
      "seconds" : 1770
    },{
      "dateTime" : "2018-10-04T04:12:30.000",
      "level" : "light",
      "seconds" : 5010
    },{
      "dateTime" : "2018-10-04T05:36:00.000",
      "level" : "wake",
      "seconds" : 240
    }],
    "shortData" : [{
      "dateTime" : "2018-10-04T00:07:00.000",
      "level" : "wake",
      "seconds" : 60
    },{
      "dateTime" : "2018-10-04T00:50:00.000",
      "level" : "wake",
      "seconds" : 30
    },{
      "dateTime" : "2018-10-04T01:04:00.000",
      "level" : "wake",
      "seconds" : 30
    },{
      "dateTime" : "2018-10-04T01:18:30.000",
      "level" : "wake",
      "seconds" : 30
    },{
      "dateTime" : "2018-10-04T01:47:00.000",
      "level" : "wake",
      "seconds" : 30
    },{
      "dateTime" : "2018-10-04T01:59:30.000",
      "level" : "wake",
      "seconds" : 30
    },{
      "dateTime" : "2018-10-04T03:11:30.000",
      "level" : "wake",
      "seconds" : 120
    },{
      "dateTime" : "2018-10-04T03:39:30.000",
      "level" : "wake",
      "seconds" : 30
    },{
      "dateTime" : "2018-10-04T03:45:30.000",
      "level" : "wake",
      "seconds" : 30
    },{
      "dateTime" : "2018-10-04T04:01:30.000",
      "level" : "wake",
      "seconds" : 30
    },{
      "dateTime" : "2018-10-04T04:49:00.000",
      "level" : "wake",
      "seconds" : 90
    },{
      "dateTime" : "2018-10-04T04:56:00.000",
      "level" : "wake",
      "seconds" : 60
    },{
      "dateTime" : "2018-10-04T05:28:00.000",
      "level" : "wake",
      "seconds" : 120
    },{
      "dateTime" : "2018-10-04T05:31:30.000",
      "level" : "wake",
      "seconds" : 30
    }]
  }
}]