[{
  "dateTime" : "02/02/19 00:00:00",
  "value" : "55"
},{
  "dateTime" : "02/03/19 00:00:00",
  "value" : "0"
},{
  "dateTime" : "02/04/19 00:00:00",
  "value" : "7"
},{
  "dateTime" : "02/05/19 00:00:00",
  "value" : "20"
},{
  "dateTime" : "02/06/19 00:00:00",
  "value" : "1"
},{
  "dateTime" : "02/07/19 00:00:00",
  "value" : "2"
},{
  "dateTime" : "02/08/19 00:00:00",
  "value" : "16"
},{
  "dateTime" : "02/09/19 00:00:00",
  "value" : "1"
},{
  "dateTime" : "02/10/19 00:00:00",
  "value" : "16"
},{
  "dateTime" : "02/11/19 00:00:00",
  "value" : "12"
},{
  "dateTime" : "02/12/19 00:00:00",
  "value" : "61"
},{
  "dateTime" : "02/13/19 00:00:00",
  "value" : "13"
},{
  "dateTime" : "02/14/19 00:00:00",
  "value" : "12"
},{
  "dateTime" : "02/15/19 00:00:00",
  "value" : "20"
},{
  "dateTime" : "02/16/19 00:00:00",
  "value" : "122"
},{
  "dateTime" : "02/17/19 00:00:00",
  "value" : "36"
},{
  "dateTime" : "02/18/19 00:00:00",
  "value" : "52"
},{
  "dateTime" : "02/19/19 00:00:00",
  "value" : "87"
},{
  "dateTime" : "02/20/19 00:00:00",
  "value" : "5"
},{
  "dateTime" : "02/21/19 00:00:00",
  "value" : "13"
},{
  "dateTime" : "02/22/19 00:00:00",
  "value" : "35"
},{
  "dateTime" : "02/23/19 00:00:00",
  "value" : "0"
},{
  "dateTime" : "02/24/19 00:00:00",
  "value" : "9"
},{
  "dateTime" : "02/25/19 00:00:00",
  "value" : "29"
},{
  "dateTime" : "02/26/19 00:00:00",
  "value" : "0"
},{
  "dateTime" : "02/27/19 00:00:00",
  "value" : "0"
},{
  "dateTime" : "02/28/19 00:00:00",
  "value" : "62"
},{
  "dateTime" : "03/01/19 00:00:00",
  "value" : "44"
},{
  "dateTime" : "03/02/19 00:00:00",
  "value" : "7"
},{
  "dateTime" : "03/03/19 00:00:00",
  "value" : "0"
}]