[{
  "dateTime" : "01/03/19 00:00:00",
  "value" : "23"
},{
  "dateTime" : "01/04/19 00:00:00",
  "value" : "0"
},{
  "dateTime" : "01/05/19 00:00:00",
  "value" : "8"
},{
  "dateTime" : "01/06/19 00:00:00",
  "value" : "19"
},{
  "dateTime" : "01/07/19 00:00:00",
  "value" : "15"
},{
  "dateTime" : "01/08/19 00:00:00",
  "value" : "4"
},{
  "dateTime" : "01/09/19 00:00:00",
  "value" : "8"
},{
  "dateTime" : "01/10/19 00:00:00",
  "value" : "1"
},{
  "dateTime" : "01/11/19 00:00:00",
  "value" : "22"
},{
  "dateTime" : "01/12/19 00:00:00",
  "value" : "26"
},{
  "dateTime" : "01/13/19 00:00:00",
  "value" : "27"
},{
  "dateTime" : "01/14/19 00:00:00",
  "value" : "33"
},{
  "dateTime" : "01/15/19 00:00:00",
  "value" : "20"
},{
  "dateTime" : "01/16/19 00:00:00",
  "value" : "0"
},{
  "dateTime" : "01/17/19 00:00:00",
  "value" : "53"
},{
  "dateTime" : "01/18/19 00:00:00",
  "value" : "16"
},{
  "dateTime" : "01/19/19 00:00:00",
  "value" : "21"
},{
  "dateTime" : "01/20/19 00:00:00",
  "value" : "36"
},{
  "dateTime" : "01/21/19 00:00:00",
  "value" : "101"
},{
  "dateTime" : "01/22/19 00:00:00",
  "value" : "53"
},{
  "dateTime" : "01/23/19 00:00:00",
  "value" : "95"
},{
  "dateTime" : "01/24/19 00:00:00",
  "value" : "18"
},{
  "dateTime" : "01/25/19 00:00:00",
  "value" : "6"
},{
  "dateTime" : "01/26/19 00:00:00",
  "value" : "16"
},{
  "dateTime" : "01/27/19 00:00:00",
  "value" : "32"
},{
  "dateTime" : "01/28/19 00:00:00",
  "value" : "26"
},{
  "dateTime" : "01/29/19 00:00:00",
  "value" : "94"
},{
  "dateTime" : "01/30/19 00:00:00",
  "value" : "35"
},{
  "dateTime" : "01/31/19 00:00:00",
  "value" : "42"
},{
  "dateTime" : "02/01/19 00:00:00",
  "value" : "42"
}]