[{
  "dateTime" : "12/04/18 00:00:00",
  "value" : "37"
},{
  "dateTime" : "12/05/18 00:00:00",
  "value" : "9"
},{
  "dateTime" : "12/06/18 00:00:00",
  "value" : "6"
},{
  "dateTime" : "12/07/18 00:00:00",
  "value" : "6"
},{
  "dateTime" : "12/08/18 00:00:00",
  "value" : "0"
},{
  "dateTime" : "12/09/18 00:00:00",
  "value" : "23"
},{
  "dateTime" : "12/10/18 00:00:00",
  "value" : "28"
},{
  "dateTime" : "12/11/18 00:00:00",
  "value" : "36"
},{
  "dateTime" : "12/12/18 00:00:00",
  "value" : "16"
},{
  "dateTime" : "12/13/18 00:00:00",
  "value" : "48"
},{
  "dateTime" : "12/14/18 00:00:00",
  "value" : "23"
},{
  "dateTime" : "12/15/18 00:00:00",
  "value" : "25"
},{
  "dateTime" : "12/16/18 00:00:00",
  "value" : "0"
},{
  "dateTime" : "12/17/18 00:00:00",
  "value" : "35"
},{
  "dateTime" : "12/18/18 00:00:00",
  "value" : "86"
},{
  "dateTime" : "12/19/18 00:00:00",
  "value" : "26"
},{
  "dateTime" : "12/20/18 00:00:00",
  "value" : "5"
},{
  "dateTime" : "12/21/18 00:00:00",
  "value" : "39"
},{
  "dateTime" : "12/22/18 00:00:00",
  "value" : "74"
},{
  "dateTime" : "12/23/18 00:00:00",
  "value" : "63"
},{
  "dateTime" : "12/24/18 00:00:00",
  "value" : "28"
},{
  "dateTime" : "12/25/18 00:00:00",
  "value" : "97"
},{
  "dateTime" : "12/26/18 00:00:00",
  "value" : "32"
},{
  "dateTime" : "12/27/18 00:00:00",
  "value" : "0"
},{
  "dateTime" : "12/28/18 00:00:00",
  "value" : "36"
},{
  "dateTime" : "12/29/18 00:00:00",
  "value" : "47"
},{
  "dateTime" : "12/30/18 00:00:00",
  "value" : "78"
},{
  "dateTime" : "12/31/18 00:00:00",
  "value" : "28"
},{
  "dateTime" : "01/01/19 00:00:00",
  "value" : "38"
},{
  "dateTime" : "01/02/19 00:00:00",
  "value" : "48"
}]