{"encodedId":"6QSLH7","displayName":"朱谦","gender":"MALE","dateOfBirth":"1996-04-17","age":22,"height":179.0,"weight":0.0,"strideLengthWalking":74.3,"strideLengthRunning":112.4,"fullName":"朱谦","username":"Christopha-Zhu","displayNameSetting":"name","memberSince":[2018,7,8],"timezone":"Asia/Shanghai","offsetFromUTCMillis":28800000,"locale":"zh_CN","phoneNumber":"+8615168133900","weightUnit":"METRIC","distanceUnit":"METRIC","heightUnit":"METRIC","glucoseUnit":"METRIC","swimUnit":"METRIC","startDayOfWeek":"SUNDAY","topBadges":[{"encodedId":"228TLX","badgeType":"DAILY_STEPS","value":25000,"timesAchieved":1,"dateTime":"2018-11-23","image50px":"https://static0.fitbit.com/images/badges_new/badge_daily_steps25k.png","image75px":"https://static0.fitbit.com/images/badges_new/75px/badge_daily_steps25k.png","image100px":"https://static0.fitbit.com/images/badges_new/100px/badge_daily_steps25k.png","image125px":"https://static0.fitbit.com/images/badges_new/125px/badge_daily_steps25k.png","image300px":"https://static0.fitbit.com/images/badges_new/300px/badge_daily_steps25k.png","shareImage640px":"https://static0.fitbit.com/images/badges_new/386px/shareLocalized/zh_CN/badge_daily_steps25k.png","name":"经典鞋 (每天 25,000 步)","shortName":"经典鞋","earnedMessage":"恭喜您取得第一个经典鞋勋章！","description":"每天 25,000 步","shortDescription":"25,000 步","mobileDescription":"您的走路成绩令人印象深刻，您又为自己不断增长的勋章数再添一枚。干得好，您是走路全明星！","marketingDescription":"您走了 25,000 步，赢得了经典运动鞋勋章！","category":"每日步数","shareText":"我走了25,000步，并获得了经典鞋勋章！#Fitbit","badgeGradientStartColor":"D99123","badgeGradientEndColor":"FFDB01"},{"encodedId":"22B8LS","badgeType":"LIFETIME_DISTANCE","value":804,"unit":"KILOMETERS","timesAchieved":1,"dateTime":"2019-01-22","image50px":"https://static0.fitbit.com/images/badges_new/badge_lifetime_miles500.png","image75px":"https://static0.fitbit.com/images/badges_new/75px/badge_lifetime_miles500.png","image100px":"https://static0.fitbit.com/images/badges_new/100px/badge_lifetime_miles500.png","image125px":"https://static0.fitbit.com/images/badges_new/125px/badge_lifetime_miles500.png","image300px":"https://static0.fitbit.com/images/badges_new/300px/badge_lifetime_miles500.png","shareImage640px":"https://static0.fitbit.com/images/badges_new/386px/shareLocalized/zh_CN/badge_lifetime_miles500_km.png","name":"塞伦盖蒂 (总共 804 公里)","shortName":"塞伦盖蒂","earnedMessage":"哇噢！您赢得了 塞伦盖蒂 勋章！","description":"总共 804 公里","shortDescription":"804 公里","mobileDescription":"令人敬佩！您走过的距离与全球七大自然奇观之一塞伦盖蒂的长度一样。","marketingDescription":"总kilometers达到 804 ，您赢得了塞伦盖蒂勋章！","category":"总距离","shareText":"我戴着 #Fitbit 走完 804 公里，并获得了塞伦盖蒂勋章。","badgeGradientStartColor":"007D3C","badgeGradientEndColor":"42C401"},{"encodedId":"229844","badgeType":"DAILY_FLOORS","value":125,"timesAchieved":1,"dateTime":"2018-11-23","image50px":"https://static0.fitbit.com/images/badges_new/badge_daily_floors125.png","image75px":"https://static0.fitbit.com/images/badges_new/75px/badge_daily_floors125.png","image100px":"https://static0.fitbit.com/images/badges_new/100px/badge_daily_floors125.png","image125px":"https://static0.fitbit.com/images/badges_new/125px/badge_daily_floors125.png","image300px":"https://static0.fitbit.com/images/badges_new/300px/badge_daily_floors125.png","shareImage640px":"https://static0.fitbit.com/images/badges_new/386px/shareLocalized/zh_CN/badge_daily_floors125.png","name":"过山车 (每天 125 层楼)","shortName":"过山车","earnedMessage":"恭喜您取得第一个过山车勋章！","description":"每天 125 层楼","shortDescription":"125 层楼","mobileDescription":"这是令人瞠目结舌、欢呼雀跃的楼层计数！","marketingDescription":"您爬了 125 层楼，赢得过山车勋章！","category":"每日攀爬层数","shareText":"我攀爬了125级台阶，并获得了过山车勋章！#Fitbit","badgeGradientStartColor":"2DB4D7","badgeGradientEndColor":"38D7FF"},{"encodedId":"228T9T","badgeType":"LIFETIME_FLOORS","value":2000,"timesAchieved":1,"dateTime":"2018-12-28","image50px":"https://static0.fitbit.com/images/badges_new/badge_lifetime_floors2k.png","image75px":"https://static0.fitbit.com/images/badges_new/75px/badge_lifetime_floors2k.png","image100px":"https://static0.fitbit.com/images/badges_new/100px/badge_lifetime_floors2k.png","image125px":"https://static0.fitbit.com/images/badges_new/125px/badge_lifetime_floors2k.png","image300px":"https://static0.fitbit.com/images/badges_new/300px/badge_lifetime_floors2k.png","shareImage640px":"https://static0.fitbit.com/images/badges_new/386px/shareLocalized/zh_CN/badge_lifetime_floors2k.png","name":"热气球 (总共 2,000 层楼)","shortName":"热气球","earnedMessage":"好棒！您赢得了 热气球 勋章！","description":"总共 2,000 层楼","shortDescription":"2,000 层楼","mobileDescription":"这是热气球的飞行高度！您正在不断扩大勋章总清单。","marketingDescription":"总共爬了 2,000 层楼，您赢得了热气球勋章！","category":"总攀爬层数","shareText":"我戴着 #Fitbit 攀爬了2,000层楼，并获得了热气球勋章。","badgeGradientStartColor":"007273","badgeGradientEndColor":"00D3D6"}],"averageDailySteps":7069,"strideLengthWalkingType":"default","strideLengthRunningType":"manual","autoStrideEnabled":true,"clockTimeDisplayFormat":"TWELVE_HOUR","child":false}